account_code,account_name,category,business_unit,geography,product_line,period,value,currency
IQS-REV-001,Industrial Quality Solutions - Equipment & Product Revenue,Revenue,Carl Zeiss India,India,Industrial Quality Solutions,2023-09,36347240.89,INR
IQS-REV-002,Industrial Quality Solutions - Service & AMC Revenue,Revenue,Carl Zeiss India,India,Industrial Quality Solutions,2023-09,14969473.87,INR
IQS-REV-003,Industrial Quality Solutions - Training & Applications Revenue,Revenue,Carl Zeiss India,India,Industrial Quality Solutions,2023-09,6287586.48,INR
IQS-COGS-001,Industrial Quality Solutions - Imported Components & Materials,COGS,Carl Zeiss India,India,Industrial Quality Solutions,2023-09,17602181.24,INR
IQS-COGS-002,Industrial Quality Solutions - Installation & Service Labor,COGS,Carl Zeiss India,India,Industrial Quality Solutions,2023-09,8170158.0,INR
IQS-COGS-003,"Industrial Quality Solutions - Freight, Customs & Logistics",COGS,Carl Zeiss India,India,Industrial Quality Solutions,2023-09,4558531.61,INR
IQS-OPEX-001,Industrial Quality Solutions - Sales & Marketing,OpEx,Carl Zeiss India,India,Industrial Quality Solutions,2023-09,6233423.67,INR
IQS-OPEX-002,Industrial Quality Solutions - Applications Engineering & R&D,OpEx,Carl Zeiss India,India,Industrial Quality Solutions,2023-09,3789626.67,INR
IQS-OPEX-003,Industrial Quality Solutions - G&A,OpEx,Carl Zeiss India,India,Industrial Quality Solutions,2023-09,2841505.75,INR
IQS-OPEX-004,Industrial Quality Solutions - Facilities & Rent,OpEx,Carl Zeiss India,India,Industrial Quality Solutions,2023-09,1662264.21,INR
IQS-OPEX-005,Industrial Quality Solutions - IT & Software,OpEx,Carl Zeiss India,India,Industrial Quality Solutions,2023-09,1208946.18,INR
IQS-REV-001,Industrial Quality Solutions - Equipment & Product Revenue,Revenue,Carl Zeiss India,India,Industrial Quality Solutions,2023-10,34955320.97,INR
IQS-REV-002,Industrial Quality Solutions - Service & AMC Revenue,Revenue,Carl Zeiss India,India,Industrial Quality Solutions,2023-10,16118799.38,INR
IQS-REV-003,Industrial Quality Solutions - Training & Applications Revenue,Revenue,Carl Zeiss India,India,Industrial Quality Solutions,2023-10,6323995.88,INR
IQS-COGS-001,Industrial Quality Solutions - Imported Components & Materials,COGS,Carl Zeiss India,India,Industrial Quality Solutions,2023-10,19634840.42,INR
IQS-COGS-002,Industrial Quality Solutions - Installation & Service Labor,COGS,Carl Zeiss India,India,Industrial Quality Solutions,2023-10,7879464.77,INR
IQS-COGS-003,"Industrial Quality Solutions - Freight, Customs & Logistics",COGS,Carl Zeiss India,India,Industrial Quality Solutions,2023-10,4160471.93,INR
IQS-OPEX-001,Industrial Quality Solutions - Sales & Marketing,OpEx,Carl Zeiss India,India,Industrial Quality Solutions,2023-10,6553664.86,INR
IQS-OPEX-002,Industrial Quality Solutions - Applications Engineering & R&D,OpEx,Carl Zeiss India,India,Industrial Quality Solutions,2023-10,3748749.62,INR
IQS-OPEX-003,Industrial Quality Solutions - G&A,OpEx,Carl Zeiss India,India,Industrial Quality Solutions,2023-10,3139391.37,INR
IQS-OPEX-004,Industrial Quality Solutions - Facilities & Rent,OpEx,Carl Zeiss India,India,Industrial Quality Solutions,2023-10,1819085.38,INR
IQS-OPEX-005,Industrial Quality Solutions - IT & Software,OpEx,Carl Zeiss India,India,Industrial Quality Solutions,2023-10,1142019.15,INR
IQS-REV-001,Industrial Quality Solutions - Equipment & Product Revenue,Revenue,Carl Zeiss India,India,Industrial Quality Solutions,2023-11,31970104.2,INR
IQS-REV-002,Industrial Quality Solutions - Service & AMC Revenue,Revenue,Carl Zeiss India,India,Industrial Quality Solutions,2023-11,14824869.22,INR
IQS-REV-003,Industrial Quality Solutions - Training & Applications Revenue,Revenue,Carl Zeiss India,India,Industrial Quality Solutions,2023-11,7239421.51,INR
IQS-COGS-001,Industrial Quality Solutions - Imported Components & Materials,COGS,Carl Zeiss India,India,Industrial Quality Solutions,2023-11,18400039.51,INR
IQS-COGS-002,Industrial Quality Solutions - Installation & Service Labor,COGS,Carl Zeiss India,India,Industrial Quality Solutions,2023-11,8362221.61,INR
IQS-COGS-003,"Industrial Quality Solutions - Freight, Customs & Logistics",COGS,Carl Zeiss India,India,Industrial Quality Solutions,2023-11,4821483.84,INR
IQS-OPEX-001,Industrial Quality Solutions - Sales & Marketing,OpEx,Carl Zeiss India,India,Industrial Quality Solutions,2023-11,5968303.76,INR
IQS-OPEX-002,Industrial Quality Solutions - Applications Engineering & R&D,OpEx,Carl Zeiss India,India,Industrial Quality Solutions,2023-11,4280897.86,INR
IQS-OPEX-003,Industrial Quality Solutions - G&A,OpEx,Carl Zeiss India,India,Industrial Quality Solutions,2023-11,2951561.54,INR
IQS-OPEX-004,Industrial Quality Solutions - Facilities & Rent,OpEx,Carl Zeiss India,India,Industrial Quality Solutions,2023-11,1908562.81,INR
IQS-OPEX-005,Industrial Quality Solutions - IT & Software,OpEx,Carl Zeiss India,India,Industrial Quality Solutions,2023-11,1161101.08,INR
IQS-REV-001,Industrial Quality Solutions - Equipment & Product Revenue,Revenue,Carl Zeiss India,India,Industrial Quality Solutions,2023-12,30629667.52,INR
IQS-REV-002,Industrial Quality Solutions - Service & AMC Revenue,Revenue,Carl Zeiss India,India,Industrial Quality Solutions,2023-12,15768663.74,INR
IQS-REV-003,Industrial Quality Solutions - Training & Applications Revenue,Revenue,Carl Zeiss India,India,Industrial Quality Solutions,2023-12,6547814.66,INR
IQS-COGS-001,Industrial Quality Solutions - Imported Components & Materials,COGS,Carl Zeiss India,India,Industrial Quality Solutions,2023-12,18113443.34,INR
IQS-COGS-002,Industrial Quality Solutions - Installation & Service Labor,COGS,Carl Zeiss India,India,Industrial Quality Solutions,2023-12,7498638.73,INR
IQS-COGS-003,"Industrial Quality Solutions - Freight, Customs & Logistics",COGS,Carl Zeiss India,India,Industrial Quality Solutions,2023-12,4641481.4,INR
IQS-OPEX-001,Industrial Quality Solutions - Sales & Marketing,OpEx,Carl Zeiss India,India,Industrial Quality Solutions,2023-12,6887869.44,INR
IQS-OPEX-002,Industrial Quality Solutions - Applications Engineering & R&D,OpEx,Carl Zeiss India,India,Industrial Quality Solutions,2023-12,4115363.31,INR
IQS-OPEX-003,Industrial Quality Solutions - G&A,OpEx,Carl Zeiss India,India,Industrial Quality Solutions,2023-12,3009244.36,INR
IQS-OPEX-004,Industrial Quality Solutions - Facilities & Rent,OpEx,Carl Zeiss India,India,Industrial Quality Solutions,2023-12,1709272.41,INR
IQS-OPEX-005,Industrial Quality Solutions - IT & Software,OpEx,Carl Zeiss India,India,Industrial Quality Solutions,2023-12,1029867.54,INR
IQS-REV-001,Industrial Quality Solutions - Equipment & Product Revenue,Revenue,Carl Zeiss India,India,Industrial Quality Solutions,2024-01,38569146.73,INR
IQS-REV-002,Industrial Quality Solutions - Service & AMC Revenue,Revenue,Carl Zeiss India,India,Industrial Quality Solutions,2024-01,16588023.88,INR
IQS-REV-003,Industrial Quality Solutions - Training & Applications Revenue,Revenue,Carl Zeiss India,India,Industrial Quality Solutions,2024-01,7390858.8,INR
IQS-COGS-001,Industrial Quality Solutions - Imported Components & Materials,COGS,Carl Zeiss India,India,Industrial Quality Solutions,2024-01,21631565.44,INR
IQS-COGS-002,Industrial Quality Solutions - Installation & Service Labor,COGS,Carl Zeiss India,India,Industrial Quality Solutions,2024-01,4534832.13,INR
IQS-COGS-003,"Industrial Quality Solutions - Freight, Customs & Logistics",COGS,Carl Zeiss India,India,Industrial Quality Solutions,2024-01,5221164.47,INR
IQS-OPEX-001,Industrial Quality Solutions - Sales & Marketing,OpEx,Carl Zeiss India,India,Industrial Quality Solutions,2024-01,6740875.89,INR
IQS-OPEX-002,Industrial Quality Solutions - Applications Engineering & R&D,OpEx,Carl Zeiss India,India,Industrial Quality Solutions,2024-01,4717508.21,INR
IQS-OPEX-003,Industrial Quality Solutions - G&A,OpEx,Carl Zeiss India,India,Industrial Quality Solutions,2024-01,3198337.92,INR
IQS-OPEX-004,Industrial Quality Solutions - Facilities & Rent,OpEx,Carl Zeiss India,India,Industrial Quality Solutions,2024-01,2026234.14,INR
IQS-OPEX-005,Industrial Quality Solutions - IT & Software,OpEx,Carl Zeiss India,India,Industrial Quality Solutions,2024-01,541343.2,INR
IQS-REV-001,Industrial Quality Solutions - Equipment & Product Revenue,Revenue,Carl Zeiss India,India,Industrial Quality Solutions,2024-02,42266403.43,INR
IQS-REV-002,Industrial Quality Solutions - Service & AMC Revenue,Revenue,Carl Zeiss India,India,Industrial Quality Solutions,2024-02,18400559.2,INR
IQS-REV-003,Industrial Quality Solutions - Training & Applications Revenue,Revenue,Carl Zeiss India,India,Industrial Quality Solutions,2024-02,7624522.94,INR
IQS-COGS-001,Industrial Quality Solutions - Imported Components & Materials,COGS,Carl Zeiss India,India,Industrial Quality Solutions,2024-02,20004124.5,INR
IQS-COGS-002,Industrial Quality Solutions - Installation & Service Labor,COGS,Carl Zeiss India,India,Industrial Quality Solutions,2024-02,8887985.51,INR
IQS-COGS-003,"Industrial Quality Solutions - Freight, Customs & Logistics",COGS,Carl Zeiss India,India,Industrial Quality Solutions,2024-02,5162753.32,INR
IQS-OPEX-001,Industrial Quality Solutions - Sales & Marketing,OpEx,Carl Zeiss India,India,Industrial Quality Solutions,2024-02,6621699.66,INR
IQS-OPEX-002,Industrial Quality Solutions - Applications Engineering & R&D,OpEx,Carl Zeiss India,India,Industrial Quality Solutions,2024-02,4724459.5,INR
IQS-OPEX-003,Industrial Quality Solutions - G&A,OpEx,Carl Zeiss India,India,Industrial Quality Solutions,2024-02,3085795.67,INR
IQS-OPEX-004,Industrial Quality Solutions - Facilities & Rent,OpEx,Carl Zeiss India,India,Industrial Quality Solutions,2024-02,2069269.37,INR
IQS-OPEX-005,Industrial Quality Solutions - IT & Software,OpEx,Carl Zeiss India,India,Industrial Quality Solutions,2024-02,2021112.11,INR
IQS-REV-001,Industrial Quality Solutions - Equipment & Product Revenue,Revenue,Carl Zeiss India,India,Industrial Quality Solutions,2024-03,43379819.04,INR
IQS-REV-002,Industrial Quality Solutions - Service & AMC Revenue,Revenue,Carl Zeiss India,India,Industrial Quality Solutions,2024-03,20943727.41,INR
IQS-REV-003,Industrial Quality Solutions - Training & Applications Revenue,Revenue,Carl Zeiss India,India,Industrial Quality Solutions,2024-03,8150244.76,INR
IQS-COGS-001,Industrial Quality Solutions - Imported Components & Materials,COGS,Carl Zeiss India,India,Industrial Quality Solutions,2024-03,22258131.36,INR
IQS-COGS-002,Industrial Quality Solutions - Installation & Service Labor,COGS,Carl Zeiss India,India,Industrial Quality Solutions,2024-03,9456937.68,INR
IQS-COGS-003,"Industrial Quality Solutions - Freight, Customs & Logistics",COGS,Carl Zeiss India,India,Industrial Quality Solutions,2024-03,5694388.81,INR
IQS-OPEX-001,Industrial Quality Solutions - Sales & Marketing,OpEx,Carl Zeiss India,India,Industrial Quality Solutions,2024-03,7902686.77,INR
IQS-OPEX-002,Industrial Quality Solutions - Applications Engineering & R&D,OpEx,Carl Zeiss India,India,Industrial Quality Solutions,2024-03,4848363.66,INR
IQS-OPEX-003,Industrial Quality Solutions - G&A,OpEx,Carl Zeiss India,India,Industrial Quality Solutions,2024-03,3756489.64,INR
IQS-OPEX-004,Industrial Quality Solutions - Facilities & Rent,OpEx,Carl Zeiss India,India,Industrial Quality Solutions,2024-03,1839677.07,INR
IQS-OPEX-005,Industrial Quality Solutions - IT & Software,OpEx,Carl Zeiss India,India,Industrial Quality Solutions,2024-03,1359657.26,INR
IQS-REV-001,Industrial Quality Solutions - Equipment & Product Revenue,Revenue,Carl Zeiss India,India,Industrial Quality Solutions,2024-04,29570006.1,INR
IQS-REV-002,Industrial Quality Solutions - Service & AMC Revenue,Revenue,Carl Zeiss India,India,Industrial Quality Solutions,2024-04,14979657.06,INR
IQS-REV-003,Industrial Quality Solutions - Training & Applications Revenue,Revenue,Carl Zeiss India,India,Industrial Quality Solutions,2024-04,7044842.23,INR
IQS-COGS-001,Industrial Quality Solutions - Imported Components & Materials,COGS,Carl Zeiss India,India,Industrial Quality Solutions,2024-04,18847298.89,INR
IQS-COGS-002,Industrial Quality Solutions - Installation & Service Labor,COGS,Carl Zeiss India,India,Industrial Quality Solutions,2024-04,7419721.72,INR
IQS-COGS-003,"Industrial Quality Solutions - Freight, Customs & Logistics",COGS,Carl Zeiss India,India,Industrial Quality Solutions,2024-04,4334701.37,INR
IQS-OPEX-001,Industrial Quality Solutions - Sales & Marketing,OpEx,Carl Zeiss India,India,Industrial Quality Solutions,2024-04,5755713.57,INR
IQS-OPEX-002,Industrial Quality Solutions - Applications Engineering & R&D,OpEx,Carl Zeiss India,India,Industrial Quality Solutions,2024-04,4011612.96,INR
IQS-OPEX-003,Industrial Quality Solutions - G&A,OpEx,Carl Zeiss India,India,Industrial Quality Solutions,2024-04,2614655.34,INR
IQS-OPEX-004,Industrial Quality Solutions - Facilities & Rent,OpEx,Carl Zeiss India,India,Industrial Quality Solutions,2024-04,1779213.63,INR
IQS-OPEX-005,Industrial Quality Solutions - IT & Software,OpEx,Carl Zeiss India,India,Industrial Quality Solutions,2024-04,1187571.47,INR
IQS-REV-001,Industrial Quality Solutions - Equipment & Product Revenue,Revenue,Carl Zeiss India,India,Industrial Quality Solutions,2024-05,36517766.22,INR
IQS-REV-002,Industrial Quality Solutions - Service & AMC Revenue,Revenue,Carl Zeiss India,India,Industrial Quality Solutions,2024-05,7949066.58,INR
IQS-REV-003,Industrial Quality Solutions - Training & Applications Revenue,Revenue,Carl Zeiss India,India,Industrial Quality Solutions,2024-05,7638360.12,INR
IQS-COGS-001,Industrial Quality Solutions - Imported Components & Materials,COGS,Carl Zeiss India,India,Industrial Quality Solutions,2024-05,16677788.92,INR
IQS-COGS-002,Industrial Quality Solutions - Installation & Service Labor,COGS,Carl Zeiss India,India,Industrial Quality Solutions,2024-05,8245846.82,INR
IQS-COGS-003,"Industrial Quality Solutions - Freight, Customs & Logistics",COGS,Carl Zeiss India,India,Industrial Quality Solutions,2024-05,4886709.94,INR
IQS-OPEX-001,Industrial Quality Solutions - Sales & Marketing,OpEx,Carl Zeiss India,India,Industrial Quality Solutions,2024-05,5894132.76,INR
IQS-OPEX-002,Industrial Quality Solutions - Applications Engineering & R&D,OpEx,Carl Zeiss India,India,Industrial Quality Solutions,2024-05,3813025.71,INR
IQS-OPEX-003,Industrial Quality Solutions - G&A,OpEx,Carl Zeiss India,India,Industrial Quality Solutions,2024-05,2847487.27,INR
IQS-OPEX-004,Industrial Quality Solutions - Facilities & Rent,OpEx,Carl Zeiss India,India,Industrial Quality Solutions,2024-05,1816212.75,INR
IQS-OPEX-005,Industrial Quality Solutions - IT & Software,OpEx,Carl Zeiss India,India,Industrial Quality Solutions,2024-05,1211286.84,INR
IQS-REV-001,Industrial Quality Solutions - Equipment & Product Revenue,Revenue,Carl Zeiss India,India,Industrial Quality Solutions,2024-06,36924441.75,INR
IQS-REV-002,Industrial Quality Solutions - Service & AMC Revenue,Revenue,Carl Zeiss India,India,Industrial Quality Solutions,2024-06,16191972.08,INR
IQS-REV-003,Industrial Quality Solutions - Training & Applications Revenue,Revenue,Carl Zeiss India,India,Industrial Quality Solutions,2024-06,7309703.65,INR
IQS-COGS-001,Industrial Quality Solutions - Imported Components & Materials,COGS,Carl Zeiss India,India,Industrial Quality Solutions,2024-06,19185242.0,INR
IQS-COGS-002,Industrial Quality Solutions - Installation & Service Labor,COGS,Carl Zeiss India,India,Industrial Quality Solutions,2024-06,7408133.88,INR
IQS-COGS-003,"Industrial Quality Solutions - Freight, Customs & Logistics",COGS,Carl Zeiss India,India,Industrial Quality Solutions,2024-06,4689178.36,INR
IQS-OPEX-001,Industrial Quality Solutions - Sales & Marketing,OpEx,Carl Zeiss India,India,Industrial Quality Solutions,2024-06,6996291.03,INR
IQS-OPEX-002,Industrial Quality Solutions - Applications Engineering & R&D,OpEx,Carl Zeiss India,India,Industrial Quality Solutions,2024-06,4236000.43,INR
IQS-OPEX-003,Industrial Quality Solutions - G&A,OpEx,Carl Zeiss India,India,Industrial Quality Solutions,2024-06,2843082.5,INR
IQS-OPEX-004,Industrial Quality Solutions - Facilities & Rent,OpEx,Carl Zeiss India,India,Industrial Quality Solutions,2024-06,1566149.18,INR
IQS-OPEX-005,Industrial Quality Solutions - IT & Software,OpEx,Carl Zeiss India,India,Industrial Quality Solutions,2024-06,1338197.87,INR
IQS-REV-001,Industrial Quality Solutions - Equipment & Product Revenue,Revenue,Carl Zeiss India,India,Industrial Quality Solutions,2024-07,29662272.16,INR
IQS-REV-002,Industrial Quality Solutions - Service & AMC Revenue,Revenue,Carl Zeiss India,India,Industrial Quality Solutions,2024-07,16231863.18,INR
IQS-REV-003,Industrial Quality Solutions - Training & Applications Revenue,Revenue,Carl Zeiss India,India,Industrial Quality Solutions,2024-07,7078105.03,INR
IQS-COGS-001,Industrial Quality Solutions - Imported Components & Materials,COGS,Carl Zeiss India,India,Industrial Quality Solutions,2024-07,18026069.9,INR
IQS-COGS-002,Industrial Quality Solutions - Installation & Service Labor,COGS,Carl Zeiss India,India,Industrial Quality Solutions,2024-07,7141275.41,INR
IQS-COGS-003,"Industrial Quality Solutions - Freight, Customs & Logistics",COGS,Carl Zeiss India,India,Industrial Quality Solutions,2024-07,4106972.61,INR
IQS-OPEX-001,Industrial Quality Solutions - Sales & Marketing,OpEx,Carl Zeiss India,India,Industrial Quality Solutions,2024-07,6252865.2,INR
IQS-OPEX-002,Industrial Quality Solutions - Applications Engineering & R&D,OpEx,Carl Zeiss India,India,Industrial Quality Solutions,2024-07,4098856.11,INR
IQS-OPEX-003,Industrial Quality Solutions - G&A,OpEx,Carl Zeiss India,India,Industrial Quality Solutions,2024-07,2601448.61,INR
IQS-OPEX-004,Industrial Quality Solutions - Facilities & Rent,OpEx,Carl Zeiss India,India,Industrial Quality Solutions,2024-07,1643314.43,INR
IQS-OPEX-005,Industrial Quality Solutions - IT & Software,OpEx,Carl Zeiss India,India,Industrial Quality Solutions,2024-07,1148633.88,INR
IQS-REV-001,Industrial Quality Solutions - Equipment & Product Revenue,Revenue,Carl Zeiss India,India,Industrial Quality Solutions,2024-08,32973285.01,INR
IQS-REV-002,Industrial Quality Solutions - Service & AMC Revenue,Revenue,Carl Zeiss India,India,Industrial Quality Solutions,2024-08,15369254.15,INR
IQS-REV-003,Industrial Quality Solutions - Training & Applications Revenue,Revenue,Carl Zeiss India,India,Industrial Quality Solutions,2024-08,6845620.3,INR
IQS-COGS-001,Industrial Quality Solutions - Imported Components & Materials,COGS,Carl Zeiss India,India,Industrial Quality Solutions,2024-08,18407009.98,INR
IQS-COGS-002,Industrial Quality Solutions - Installation & Service Labor,COGS,Carl Zeiss India,India,Industrial Quality Solutions,2024-08,8799838.85,INR
IQS-COGS-003,"Industrial Quality Solutions - Freight, Customs & Logistics",COGS,Carl Zeiss India,India,Industrial Quality Solutions,2024-08,4493084.54,INR
IQS-OPEX-001,Industrial Quality Solutions - Sales & Marketing,OpEx,Carl Zeiss India,India,Industrial Quality Solutions,2024-08,6175077.08,INR
IQS-OPEX-002,Industrial Quality Solutions - Applications Engineering & R&D,OpEx,Carl Zeiss India,India,Industrial Quality Solutions,2024-08,3735288.16,INR
IQS-OPEX-003,Industrial Quality Solutions - G&A,OpEx,Carl Zeiss India,India,Industrial Quality Solutions,2024-08,2849543.26,INR
IQS-OPEX-004,Industrial Quality Solutions - Facilities & Rent,OpEx,Carl Zeiss India,India,Industrial Quality Solutions,2024-08,851151.95,INR
IQS-OPEX-005,Industrial Quality Solutions - IT & Software,OpEx,Carl Zeiss India,India,Industrial Quality Solutions,2024-08,593668.0,INR
IQS-REV-001,Industrial Quality Solutions - Equipment & Product Revenue,Revenue,Carl Zeiss India,India,Industrial Quality Solutions,2024-09,38393346.33,INR
IQS-REV-002,Industrial Quality Solutions - Service & AMC Revenue,Revenue,Carl Zeiss India,India,Industrial Quality Solutions,2024-09,14764751.49,INR
IQS-REV-003,Industrial Quality Solutions - Training & Applications Revenue,Revenue,Carl Zeiss India,India,Industrial Quality Solutions,2024-09,6668694.57,INR
IQS-COGS-001,Industrial Quality Solutions - Imported Components & Materials,COGS,Carl Zeiss India,India,Industrial Quality Solutions,2024-09,21426915.38,INR
IQS-COGS-002,Industrial Quality Solutions - Installation & Service Labor,COGS,Carl Zeiss India,India,Industrial Quality Solutions,2024-09,8746770.61,INR
IQS-COGS-003,"Industrial Quality Solutions - Freight, Customs & Logistics",COGS,Carl Zeiss India,India,Industrial Quality Solutions,2024-09,5079071.51,INR
IQS-OPEX-001,Industrial Quality Solutions - Sales & Marketing,OpEx,Carl Zeiss India,India,Industrial Quality Solutions,2024-09,7225534.51,INR
IQS-OPEX-002,Industrial Quality Solutions - Applications Engineering & R&D,OpEx,Carl Zeiss India,India,Industrial Quality Solutions,2024-09,3369302.52,INR
IQS-OPEX-003,Industrial Quality Solutions - G&A,OpEx,Carl Zeiss India,India,Industrial Quality Solutions,2024-09,2843702.83,INR
IQS-OPEX-004,Industrial Quality Solutions - Facilities & Rent,OpEx,Carl Zeiss India,India,Industrial Quality Solutions,2024-09,1995408.06,INR
IQS-OPEX-005,Industrial Quality Solutions - IT & Software,OpEx,Carl Zeiss India,India,Industrial Quality Solutions,2024-09,1150800.7,INR
IQS-REV-001,Industrial Quality Solutions - Equipment & Product Revenue,Revenue,Carl Zeiss India,India,Industrial Quality Solutions,2024-10,38279606.55,INR
IQS-REV-002,Industrial Quality Solutions - Service & AMC Revenue,Revenue,Carl Zeiss India,India,Industrial Quality Solutions,2024-10,18658131.41,INR
IQS-REV-003,Industrial Quality Solutions - Training & Applications Revenue,Revenue,Carl Zeiss India,India,Industrial Quality Solutions,2024-10,7534797.49,INR
IQS-COGS-001,Industrial Quality Solutions - Imported Components & Materials,COGS,Carl Zeiss India,India,Industrial Quality Solutions,2024-10,19326218.02,INR
IQS-COGS-002,Industrial Quality Solutions - Installation & Service Labor,COGS,Carl Zeiss India,India,Industrial Quality Solutions,2024-10,9226389.75,INR
IQS-COGS-003,"Industrial Quality Solutions - Freight, Customs & Logistics",COGS,Carl Zeiss India,India,Industrial Quality Solutions,2024-10,5778365.27,INR
IQS-OPEX-001,Industrial Quality Solutions - Sales & Marketing,OpEx,Carl Zeiss India,India,Industrial Quality Solutions,2024-10,6962791.83,INR
IQS-OPEX-002,Industrial Quality Solutions - Applications Engineering & R&D,OpEx,Carl Zeiss India,India,Industrial Quality Solutions,2024-10,4524253.29,INR
IQS-OPEX-003,Industrial Quality Solutions - G&A,OpEx,Carl Zeiss India,India,Industrial Quality Solutions,2024-10,2971341.5,INR
IQS-OPEX-004,Industrial Quality Solutions - Facilities & Rent,OpEx,Carl Zeiss India,India,Industrial Quality Solutions,2024-10,1921963.78,INR
IQS-OPEX-005,Industrial Quality Solutions - IT & Software,OpEx,Carl Zeiss India,India,Industrial Quality Solutions,2024-10,1243386.85,INR
IQS-REV-001,Industrial Quality Solutions - Equipment & Product Revenue,Revenue,Carl Zeiss India,India,Industrial Quality Solutions,2024-11,41131001.64,INR
IQS-REV-002,Industrial Quality Solutions - Service & AMC Revenue,Revenue,Carl Zeiss India,India,Industrial Quality Solutions,2024-11,17758332.22,INR
IQS-REV-003,Industrial Quality Solutions - Training & Applications Revenue,Revenue,Carl Zeiss India,India,Industrial Quality Solutions,2024-11,8275981.08,INR
IQS-COGS-001,Industrial Quality Solutions - Imported Components & Materials,COGS,Carl Zeiss India,India,Industrial Quality Solutions,2024-11,21824788.6,INR
IQS-COGS-002,Industrial Quality Solutions - Installation & Service Labor,COGS,Carl Zeiss India,India,Industrial Quality Solutions,2024-11,8743119.17,INR
IQS-COGS-003,"Industrial Quality Solutions - Freight, Customs & Logistics",COGS,Carl Zeiss India,India,Industrial Quality Solutions,2024-11,5016623.08,INR
IQS-OPEX-001,Industrial Quality Solutions - Sales & Marketing,OpEx,Carl Zeiss India,India,Industrial Quality Solutions,2024-11,6507830.74,INR
IQS-OPEX-002,Industrial Quality Solutions - Applications Engineering & R&D,OpEx,Carl Zeiss India,India,Industrial Quality Solutions,2024-11,4279667.49,INR
IQS-OPEX-003,Industrial Quality Solutions - G&A,OpEx,Carl Zeiss India,India,Industrial Quality Solutions,2024-11,3287221.54,INR
IQS-OPEX-004,Industrial Quality Solutions - Facilities & Rent,OpEx,Carl Zeiss India,India,Industrial Quality Solutions,2024-11,1953763.97,INR
IQS-OPEX-005,Industrial Quality Solutions - IT & Software,OpEx,Carl Zeiss India,India,Industrial Quality Solutions,2024-11,1425273.52,INR
IQS-REV-001,Industrial Quality Solutions - Equipment & Product Revenue,Revenue,Carl Zeiss India,India,Industrial Quality Solutions,2024-12,41325810.45,INR
IQS-REV-002,Industrial Quality Solutions - Service & AMC Revenue,Revenue,Carl Zeiss India,India,Industrial Quality Solutions,2024-12,17801804.97,INR
IQS-REV-003,Industrial Quality Solutions - Training & Applications Revenue,Revenue,Carl Zeiss India,India,Industrial Quality Solutions,2024-12,7742024.59,INR
IQS-COGS-001,Industrial Quality Solutions - Imported Components & Materials,COGS,Carl Zeiss India,India,Industrial Quality Solutions,2024-12,20442926.97,INR
IQS-COGS-002,Industrial Quality Solutions - Installation & Service Labor,COGS,Carl Zeiss India,India,Industrial Quality Solutions,2024-12,10192980.7,INR
IQS-COGS-003,"Industrial Quality Solutions - Freight, Customs & Logistics",COGS,Carl Zeiss India,India,Industrial Quality Solutions,2024-12,4796410.79,INR
IQS-OPEX-001,Industrial Quality Solutions - Sales & Marketing,OpEx,Carl Zeiss India,India,Industrial Quality Solutions,2024-12,7419701.37,INR
IQS-OPEX-002,Industrial Quality Solutions - Applications Engineering & R&D,OpEx,Carl Zeiss India,India,Industrial Quality Solutions,2024-12,4366335.38,INR
IQS-OPEX-003,Industrial Quality Solutions - G&A,OpEx,Carl Zeiss India,India,Industrial Quality Solutions,2024-12,2895013.15,INR
IQS-OPEX-004,Industrial Quality Solutions - Facilities & Rent,OpEx,Carl Zeiss India,India,Industrial Quality Solutions,2024-12,1663092.06,INR
IQS-OPEX-005,Industrial Quality Solutions - IT & Software,OpEx,Carl Zeiss India,India,Industrial Quality Solutions,2024-12,1258728.07,INR
IQS-REV-001,Industrial Quality Solutions - Equipment & Product Revenue,Revenue,Carl Zeiss India,India,Industrial Quality Solutions,2025-01,40649964.67,INR
IQS-REV-002,Industrial Quality Solutions - Service & AMC Revenue,Revenue,Carl Zeiss India,India,Industrial Quality Solutions,2025-01,20014316.39,INR
IQS-REV-003,Industrial Quality Solutions - Training & Applications Revenue,Revenue,Carl Zeiss India,India,Industrial Quality Solutions,2025-01,8297066.07,INR
IQS-COGS-001,Industrial Quality Solutions - Imported Components & Materials,COGS,Carl Zeiss India,India,Industrial Quality Solutions,2025-01,20345927.43,INR
IQS-COGS-002,Industrial Quality Solutions - Installation & Service Labor,COGS,Carl Zeiss India,India,Industrial Quality Solutions,2025-01,9883702.56,INR
IQS-COGS-003,"Industrial Quality Solutions - Freight, Customs & Logistics",COGS,Carl Zeiss India,India,Industrial Quality Solutions,2025-01,5287207.87,INR
IQS-OPEX-001,Industrial Quality Solutions - Sales & Marketing,OpEx,Carl Zeiss India,India,Industrial Quality Solutions,2025-01,7530673.95,INR
IQS-OPEX-002,Industrial Quality Solutions - Applications Engineering & R&D,OpEx,Carl Zeiss India,India,Industrial Quality Solutions,2025-01,4972301.77,INR
IQS-OPEX-003,Industrial Quality Solutions - G&A,OpEx,Carl Zeiss India,India,Industrial Quality Solutions,2025-01,3493032.11,INR
IQS-OPEX-004,Industrial Quality Solutions - Facilities & Rent,OpEx,Carl Zeiss India,India,Industrial Quality Solutions,2025-01,2144535.58,INR
IQS-OPEX-005,Industrial Quality Solutions - IT & Software,OpEx,Carl Zeiss India,India,Industrial Quality Solutions,2025-01,1353870.2,INR
IQS-REV-001,Industrial Quality Solutions - Equipment & Product Revenue,Revenue,Carl Zeiss India,India,Industrial Quality Solutions,2025-02,41963917.74,INR
IQS-REV-002,Industrial Quality Solutions - Service & AMC Revenue,Revenue,Carl Zeiss India,India,Industrial Quality Solutions,2025-02,18504497.82,INR
IQS-REV-003,Industrial Quality Solutions - Training & Applications Revenue,Revenue,Carl Zeiss India,India,Industrial Quality Solutions,2025-02,8872442.49,INR
IQS-COGS-001,Industrial Quality Solutions - Imported Components & Materials,COGS,Carl Zeiss India,India,Industrial Quality Solutions,2025-02,22633906.28,INR
IQS-COGS-002,Industrial Quality Solutions - Installation & Service Labor,COGS,Carl Zeiss India,India,Industrial Quality Solutions,2025-02,9327694.43,INR
IQS-COGS-003,"Industrial Quality Solutions - Freight, Customs & Logistics",COGS,Carl Zeiss India,India,Industrial Quality Solutions,2025-02,5527944.07,INR
IQS-OPEX-001,Industrial Quality Solutions - Sales & Marketing,OpEx,Carl Zeiss India,India,Industrial Quality Solutions,2025-02,7378784.45,INR
IQS-OPEX-002,Industrial Quality Solutions - Applications Engineering & R&D,OpEx,Carl Zeiss India,India,Industrial Quality Solutions,2025-02,4843888.86,INR
IQS-OPEX-003,Industrial Quality Solutions - G&A,OpEx,Carl Zeiss India,India,Industrial Quality Solutions,2025-02,3986282.08,INR
IQS-OPEX-004,Industrial Quality Solutions - Facilities & Rent,OpEx,Carl Zeiss India,India,Industrial Quality Solutions,2025-02,1881456.98,INR
IQS-OPEX-005,Industrial Quality Solutions - IT & Software,OpEx,Carl Zeiss India,India,Industrial Quality Solutions,2025-02,1488044.82,INR
IQS-REV-001,Industrial Quality Solutions - Equipment & Product Revenue,Revenue,Carl Zeiss India,India,Industrial Quality Solutions,2025-03,48502811.14,INR
IQS-REV-002,Industrial Quality Solutions - Service & AMC Revenue,Revenue,Carl Zeiss India,India,Industrial Quality Solutions,2025-03,22536138.55,INR
IQS-REV-003,Industrial Quality Solutions - Training & Applications Revenue,Revenue,Carl Zeiss India,India,Industrial Quality Solutions,2025-03,8971453.22,INR
IQS-COGS-001,Industrial Quality Solutions - Imported Components & Materials,COGS,Carl Zeiss India,India,Industrial Quality Solutions,2025-03,24661646.8,INR
IQS-COGS-002,Industrial Quality Solutions - Installation & Service Labor,COGS,Carl Zeiss India,India,Industrial Quality Solutions,2025-03,11407345.69,INR
IQS-COGS-003,"Industrial Quality Solutions - Freight, Customs & Logistics",COGS,Carl Zeiss India,India,Industrial Quality Solutions,2025-03,6018008.5,INR
IQS-OPEX-001,Industrial Quality Solutions - Sales & Marketing,OpEx,Carl Zeiss India,India,Industrial Quality Solutions,2025-03,8523263.51,INR
IQS-OPEX-002,Industrial Quality Solutions - Applications Engineering & R&D,OpEx,Carl Zeiss India,India,Industrial Quality Solutions,2025-03,5536090.43,INR
IQS-OPEX-003,Industrial Quality Solutions - G&A,OpEx,Carl Zeiss India,India,Industrial Quality Solutions,2025-03,3452974.84,INR
IQS-OPEX-004,Industrial Quality Solutions - Facilities & Rent,OpEx,Carl Zeiss India,India,Industrial Quality Solutions,2025-03,2490680.77,INR
IQS-OPEX-005,Industrial Quality Solutions - IT & Software,OpEx,Carl Zeiss India,India,Industrial Quality Solutions,2025-03,1714005.66,INR
IQS-REV-001,Industrial Quality Solutions - Equipment & Product Revenue,Revenue,Carl Zeiss India,India,Industrial Quality Solutions,2025-04,36118824.17,INR
IQS-REV-002,Industrial Quality Solutions - Service & AMC Revenue,Revenue,Carl Zeiss India,India,Industrial Quality Solutions,2025-04,16512153.28,INR
IQS-REV-003,Industrial Quality Solutions - Training & Applications Revenue,Revenue,Carl Zeiss India,India,Industrial Quality Solutions,2025-04,6593603.64,INR
IQS-COGS-001,Industrial Quality Solutions - Imported Components & Materials,COGS,Carl Zeiss India,India,Industrial Quality Solutions,2025-04,21185515.98,INR
IQS-COGS-002,Industrial Quality Solutions - Installation & Service Labor,COGS,Carl Zeiss India,India,Industrial Quality Solutions,2025-04,8093810.74,INR
IQS-COGS-003,"Industrial Quality Solutions - Freight, Customs & Logistics",COGS,Carl Zeiss India,India,Industrial Quality Solutions,2025-04,3857230.59,INR
IQS-OPEX-001,Industrial Quality Solutions - Sales & Marketing,OpEx,Carl Zeiss India,India,Industrial Quality Solutions,2025-04,2823511.42,INR
IQS-OPEX-002,Industrial Quality Solutions - Applications Engineering & R&D,OpEx,Carl Zeiss India,India,Industrial Quality Solutions,2025-04,4106876.99,INR
IQS-OPEX-003,Industrial Quality Solutions - G&A,OpEx,Carl Zeiss India,India,Industrial Quality Solutions,2025-04,3025417.72,INR
IQS-OPEX-004,Industrial Quality Solutions - Facilities & Rent,OpEx,Carl Zeiss India,India,Industrial Quality Solutions,2025-04,1627130.49,INR
IQS-OPEX-005,Industrial Quality Solutions - IT & Software,OpEx,Carl Zeiss India,India,Industrial Quality Solutions,2025-04,1175119.28,INR
IQS-REV-001,Industrial Quality Solutions - Equipment & Product Revenue,Revenue,Carl Zeiss India,India,Industrial Quality Solutions,2025-05,39017905.01,INR
IQS-REV-002,Industrial Quality Solutions - Service & AMC Revenue,Revenue,Carl Zeiss India,India,Industrial Quality Solutions,2025-05,18872339.48,INR
IQS-REV-003,Industrial Quality Solutions - Training & Applications Revenue,Revenue,Carl Zeiss India,India,Industrial Quality Solutions,2025-05,10869549.38,INR
IQS-COGS-001,Industrial Quality Solutions - Imported Components & Materials,COGS,Carl Zeiss India,India,Industrial Quality Solutions,2025-05,19383915.04,INR
IQS-COGS-002,Industrial Quality Solutions - Installation & Service Labor,COGS,Carl Zeiss India,India,Industrial Quality Solutions,2025-05,8858689.65,INR
IQS-COGS-003,"Industrial Quality Solutions - Freight, Customs & Logistics",COGS,Carl Zeiss India,India,Industrial Quality Solutions,2025-05,5198896.49,INR
IQS-OPEX-001,Industrial Quality Solutions - Sales & Marketing,OpEx,Carl Zeiss India,India,Industrial Quality Solutions,2025-05,6919391.26,INR
IQS-OPEX-002,Industrial Quality Solutions - Applications Engineering & R&D,OpEx,Carl Zeiss India,India,Industrial Quality Solutions,2025-05,4628012.71,INR
IQS-OPEX-003,Industrial Quality Solutions - G&A,OpEx,Carl Zeiss India,India,Industrial Quality Solutions,2025-05,3182850.19,INR
IQS-OPEX-004,Industrial Quality Solutions - Facilities & Rent,OpEx,Carl Zeiss India,India,Industrial Quality Solutions,2025-05,1710032.19,INR
IQS-OPEX-005,Industrial Quality Solutions - IT & Software,OpEx,Carl Zeiss India,India,Industrial Quality Solutions,2025-05,1363928.02,INR
IQS-REV-001,Industrial Quality Solutions - Equipment & Product Revenue,Revenue,Carl Zeiss India,India,Industrial Quality Solutions,2025-06,37690068.18,INR
IQS-REV-002,Industrial Quality Solutions - Service & AMC Revenue,Revenue,Carl Zeiss India,India,Industrial Quality Solutions,2025-06,19459255.1,INR
IQS-REV-003,Industrial Quality Solutions - Training & Applications Revenue,Revenue,Carl Zeiss India,India,Industrial Quality Solutions,2025-06,8490189.37,INR
IQS-COGS-001,Industrial Quality Solutions - Imported Components & Materials,COGS,Carl Zeiss India,India,Industrial Quality Solutions,2025-06,19942735.29,INR
IQS-COGS-002,Industrial Quality Solutions - Installation & Service Labor,COGS,Carl Zeiss India,India,Industrial Quality Solutions,2025-06,8339099.8,INR
IQS-COGS-003,"Industrial Quality Solutions - Freight, Customs & Logistics",COGS,Carl Zeiss India,India,Industrial Quality Solutions,2025-06,2565051.75,INR
IQS-OPEX-001,Industrial Quality Solutions - Sales & Marketing,OpEx,Carl Zeiss India,India,Industrial Quality Solutions,2025-06,6949044.44,INR
IQS-OPEX-002,Industrial Quality Solutions - Applications Engineering & R&D,OpEx,Carl Zeiss India,India,Industrial Quality Solutions,2025-06,4848532.11,INR
IQS-OPEX-003,Industrial Quality Solutions - G&A,OpEx,Carl Zeiss India,India,Industrial Quality Solutions,2025-06,3523093.04,INR
IQS-OPEX-004,Industrial Quality Solutions - Facilities & Rent,OpEx,Carl Zeiss India,India,Industrial Quality Solutions,2025-06,1846041.97,INR
IQS-OPEX-005,Industrial Quality Solutions - IT & Software,OpEx,Carl Zeiss India,India,Industrial Quality Solutions,2025-06,1352212.68,INR
IQS-REV-001,Industrial Quality Solutions - Equipment & Product Revenue,Revenue,Carl Zeiss India,India,Industrial Quality Solutions,2025-07,37234625.36,INR
IQS-REV-002,Industrial Quality Solutions - Service & AMC Revenue,Revenue,Carl Zeiss India,India,Industrial Quality Solutions,2025-07,16206977.08,INR
IQS-REV-003,Industrial Quality Solutions - Training & Applications Revenue,Revenue,Carl Zeiss India,India,Industrial Quality Solutions,2025-07,6929910.95,INR
IQS-COGS-001,Industrial Quality Solutions - Imported Components & Materials,COGS,Carl Zeiss India,India,Industrial Quality Solutions,2025-07,21142030.53,INR
IQS-COGS-002,Industrial Quality Solutions - Installation & Service Labor,COGS,Carl Zeiss India,India,Industrial Quality Solutions,2025-07,13700717.55,INR
IQS-COGS-003,"Industrial Quality Solutions - Freight, Customs & Logistics",COGS,Carl Zeiss India,India,Industrial Quality Solutions,2025-07,4690631.65,INR
IQS-OPEX-001,Industrial Quality Solutions - Sales & Marketing,OpEx,Carl Zeiss India,India,Industrial Quality Solutions,2025-07,6938752.94,INR
IQS-OPEX-002,Industrial Quality Solutions - Applications Engineering & R&D,OpEx,Carl Zeiss India,India,Industrial Quality Solutions,2025-07,4393622.47,INR
IQS-OPEX-003,Industrial Quality Solutions - G&A,OpEx,Carl Zeiss India,India,Industrial Quality Solutions,2025-07,2820072.08,INR
IQS-OPEX-004,Industrial Quality Solutions - Facilities & Rent,OpEx,Carl Zeiss India,India,Industrial Quality Solutions,2025-07,1915376.98,INR
IQS-OPEX-005,Industrial Quality Solutions - IT & Software,OpEx,Carl Zeiss India,India,Industrial Quality Solutions,2025-07,1217557.07,INR
IQS-REV-001,Industrial Quality Solutions - Equipment & Product Revenue,Revenue,Carl Zeiss India,India,Industrial Quality Solutions,2025-08,40116297.75,INR
IQS-REV-002,Industrial Quality Solutions - Service & AMC Revenue,Revenue,Carl Zeiss India,India,Industrial Quality Solutions,2025-08,18713543.97,INR
IQS-REV-003,Industrial Quality Solutions - Training & Applications Revenue,Revenue,Carl Zeiss India,India,Industrial Quality Solutions,2025-08,7100308.31,INR
IQS-COGS-001,Industrial Quality Solutions - Imported Components & Materials,COGS,Carl Zeiss India,India,Industrial Quality Solutions,2025-08,21711446.92,INR
IQS-COGS-002,Industrial Quality Solutions - Installation & Service Labor,COGS,Carl Zeiss India,India,Industrial Quality Solutions,2025-08,8602014.62,INR
IQS-COGS-003,"Industrial Quality Solutions - Freight, Customs & Logistics",COGS,Carl Zeiss India,India,Industrial Quality Solutions,2025-08,5383591.1,INR
IQS-OPEX-001,Industrial Quality Solutions - Sales & Marketing,OpEx,Carl Zeiss India,India,Industrial Quality Solutions,2025-08,3454781.41,INR
IQS-OPEX-002,Industrial Quality Solutions - Applications Engineering & R&D,OpEx,Carl Zeiss India,India,Industrial Quality Solutions,2025-08,4625972.7,INR
IQS-OPEX-003,Industrial Quality Solutions - G&A,OpEx,Carl Zeiss India,India,Industrial Quality Solutions,2025-08,3034621.21,INR
IQS-OPEX-004,Industrial Quality Solutions - Facilities & Rent,OpEx,Carl Zeiss India,India,Industrial Quality Solutions,2025-08,1687630.02,INR
IQS-OPEX-005,Industrial Quality Solutions - IT & Software,OpEx,Carl Zeiss India,India,Industrial Quality Solutions,2025-08,1243408.48,INR
IQS-REV-001,Industrial Quality Solutions - Equipment & Product Revenue,Revenue,Carl Zeiss India,India,Industrial Quality Solutions,2025-09,48104655.79,INR
IQS-REV-002,Industrial Quality Solutions - Service & AMC Revenue,Revenue,Carl Zeiss India,India,Industrial Quality Solutions,2025-09,23066176.01,INR
IQS-REV-003,Industrial Quality Solutions - Training & Applications Revenue,Revenue,Carl Zeiss India,India,Industrial Quality Solutions,2025-09,10539344.77,INR
IQS-COGS-001,Industrial Quality Solutions - Imported Components & Materials,COGS,Carl Zeiss India,India,Industrial Quality Solutions,2025-09,25973216.34,INR
IQS-COGS-002,Industrial Quality Solutions - Installation & Service Labor,COGS,Carl Zeiss India,India,Industrial Quality Solutions,2025-09,10764935.92,INR
IQS-COGS-003,"Industrial Quality Solutions - Freight, Customs & Logistics",COGS,Carl Zeiss India,India,Industrial Quality Solutions,2025-09,6256954.5,INR
IQS-OPEX-001,Industrial Quality Solutions - Sales & Marketing,OpEx,Carl Zeiss India,India,Industrial Quality Solutions,2025-09,9177225.87,INR
IQS-OPEX-002,Industrial Quality Solutions - Applications Engineering & R&D,OpEx,Carl Zeiss India,India,Industrial Quality Solutions,2025-09,5467278.23,INR
IQS-OPEX-003,Industrial Quality Solutions - G&A,OpEx,Carl Zeiss India,India,Industrial Quality Solutions,2025-09,3824965.14,INR
IQS-OPEX-004,Industrial Quality Solutions - Facilities & Rent,OpEx,Carl Zeiss India,India,Industrial Quality Solutions,2025-09,2547730.15,INR
IQS-OPEX-005,Industrial Quality Solutions - IT & Software,OpEx,Carl Zeiss India,India,Industrial Quality Solutions,2025-09,1629795.35,INR
IQS-REV-001,Industrial Quality Solutions - Equipment & Product Revenue,Revenue,Carl Zeiss India,India,Industrial Quality Solutions,2025-10,50473702.61,INR
IQS-REV-002,Industrial Quality Solutions - Service & AMC Revenue,Revenue,Carl Zeiss India,India,Industrial Quality Solutions,2025-10,22253091.55,INR
IQS-REV-003,Industrial Quality Solutions - Training & Applications Revenue,Revenue,Carl Zeiss India,India,Industrial Quality Solutions,2025-10,10077987.97,INR
IQS-COGS-001,Industrial Quality Solutions - Imported Components & Materials,COGS,Carl Zeiss India,India,Industrial Quality Solutions,2025-10,28432459.29,INR
IQS-COGS-002,Industrial Quality Solutions - Installation & Service Labor,COGS,Carl Zeiss India,India,Industrial Quality Solutions,2025-10,12491697.78,INR
IQS-COGS-003,"Industrial Quality Solutions - Freight, Customs & Logistics",COGS,Carl Zeiss India,India,Industrial Quality Solutions,2025-10,6004361.78,INR
IQS-OPEX-001,Industrial Quality Solutions - Sales & Marketing,OpEx,Carl Zeiss India,India,Industrial Quality Solutions,2025-10,9572536.66,INR
IQS-OPEX-002,Industrial Quality Solutions - Applications Engineering & R&D,OpEx,Carl Zeiss India,India,Industrial Quality Solutions,2025-10,5753610.77,INR
IQS-OPEX-003,Industrial Quality Solutions - G&A,OpEx,Carl Zeiss India,India,Industrial Quality Solutions,2025-10,3968016.87,INR
IQS-OPEX-004,Industrial Quality Solutions - Facilities & Rent,OpEx,Carl Zeiss India,India,Industrial Quality Solutions,2025-10,2629169.97,INR
IQS-OPEX-005,Industrial Quality Solutions - IT & Software,OpEx,Carl Zeiss India,India,Industrial Quality Solutions,2025-10,1626410.05,INR
IQS-REV-001,Industrial Quality Solutions - Equipment & Product Revenue,Revenue,Carl Zeiss India,India,Industrial Quality Solutions,2025-11,51258818.42,INR
IQS-REV-002,Industrial Quality Solutions - Service & AMC Revenue,Revenue,Carl Zeiss India,India,Industrial Quality Solutions,2025-11,22771803.3,INR
IQS-REV-003,Industrial Quality Solutions - Training & Applications Revenue,Revenue,Carl Zeiss India,India,Industrial Quality Solutions,2025-11,9817890.89,INR
IQS-COGS-001,Industrial Quality Solutions - Imported Components & Materials,COGS,Carl Zeiss India,India,Industrial Quality Solutions,2025-11,28260073.15,INR
IQS-COGS-002,Industrial Quality Solutions - Installation & Service Labor,COGS,Carl Zeiss India,India,Industrial Quality Solutions,2025-11,12161388.42,INR
IQS-COGS-003,"Industrial Quality Solutions - Freight, Customs & Logistics",COGS,Carl Zeiss India,India,Industrial Quality Solutions,2025-11,7464202.87,INR
IQS-OPEX-001,Industrial Quality Solutions - Sales & Marketing,OpEx,Carl Zeiss India,India,Industrial Quality Solutions,2025-11,9676879.01,INR
IQS-OPEX-002,Industrial Quality Solutions - Applications Engineering & R&D,OpEx,Carl Zeiss India,India,Industrial Quality Solutions,2025-11,5817834.96,INR
IQS-OPEX-003,Industrial Quality Solutions - G&A,OpEx,Carl Zeiss India,India,Industrial Quality Solutions,2025-11,4227316.06,INR
IQS-OPEX-004,Industrial Quality Solutions - Facilities & Rent,OpEx,Carl Zeiss India,India,Industrial Quality Solutions,2025-11,2675348.13,INR
IQS-OPEX-005,Industrial Quality Solutions - IT & Software,OpEx,Carl Zeiss India,India,Industrial Quality Solutions,2025-11,1719808.24,INR
IQS-REV-001,Industrial Quality Solutions - Equipment & Product Revenue,Revenue,Carl Zeiss India,India,Industrial Quality Solutions,2025-12,54532787.01,INR
IQS-REV-002,Industrial Quality Solutions - Service & AMC Revenue,Revenue,Carl Zeiss India,India,Industrial Quality Solutions,2025-12,24298462.3,INR
IQS-REV-003,Industrial Quality Solutions - Training & Applications Revenue,Revenue,Carl Zeiss India,India,Industrial Quality Solutions,2025-12,9823817.38,INR
IQS-COGS-001,Industrial Quality Solutions - Imported Components & Materials,COGS,Carl Zeiss India,India,Industrial Quality Solutions,2025-12,25698142.43,INR
IQS-COGS-002,Industrial Quality Solutions - Installation & Service Labor,COGS,Carl Zeiss India,India,Industrial Quality Solutions,2025-12,12422089.2,INR
IQS-COGS-003,"Industrial Quality Solutions - Freight, Customs & Logistics",COGS,Carl Zeiss India,India,Industrial Quality Solutions,2025-12,6867024.13,INR
IQS-OPEX-001,Industrial Quality Solutions - Sales & Marketing,OpEx,Carl Zeiss India,India,Industrial Quality Solutions,2025-12,9165740.2,INR
IQS-OPEX-002,Industrial Quality Solutions - Applications Engineering & R&D,OpEx,Carl Zeiss India,India,Industrial Quality Solutions,2025-12,5575940.97,INR
IQS-OPEX-003,Industrial Quality Solutions - G&A,OpEx,Carl Zeiss India,India,Industrial Quality Solutions,2025-12,4092179.63,INR
IQS-OPEX-004,Industrial Quality Solutions - Facilities & Rent,OpEx,Carl Zeiss India,India,Industrial Quality Solutions,2025-12,2580886.79,INR
IQS-OPEX-005,Industrial Quality Solutions - IT & Software,OpEx,Carl Zeiss India,India,Industrial Quality Solutions,2025-12,1575089.19,INR
IQS-REV-001,Industrial Quality Solutions - Equipment & Product Revenue,Revenue,Carl Zeiss India,India,Industrial Quality Solutions,2026-01,55231443.35,INR
IQS-REV-002,Industrial Quality Solutions - Service & AMC Revenue,Revenue,Carl Zeiss India,India,Industrial Quality Solutions,2026-01,25627725.19,INR
IQS-REV-003,Industrial Quality Solutions - Training & Applications Revenue,Revenue,Carl Zeiss India,India,Industrial Quality Solutions,2026-01,10412655.98,INR
IQS-COGS-001,Industrial Quality Solutions - Imported Components & Materials,COGS,Carl Zeiss India,India,Industrial Quality Solutions,2026-01,25462869.72,INR
IQS-COGS-002,Industrial Quality Solutions - Installation & Service Labor,COGS,Carl Zeiss India,India,Industrial Quality Solutions,2026-01,12579214.92,INR
IQS-COGS-003,"Industrial Quality Solutions - Freight, Customs & Logistics",COGS,Carl Zeiss India,India,Industrial Quality Solutions,2026-01,7427345.8,INR
IQS-OPEX-001,Industrial Quality Solutions - Sales & Marketing,OpEx,Carl Zeiss India,India,Industrial Quality Solutions,2026-01,9928418.7,INR
IQS-OPEX-002,Industrial Quality Solutions - Applications Engineering & R&D,OpEx,Carl Zeiss India,India,Industrial Quality Solutions,2026-01,6826260.0,INR
IQS-OPEX-003,Industrial Quality Solutions - G&A,OpEx,Carl Zeiss India,India,Industrial Quality Solutions,2026-01,8160828.69,INR
IQS-OPEX-004,Industrial Quality Solutions - Facilities & Rent,OpEx,Carl Zeiss India,India,Industrial Quality Solutions,2026-01,2775650.63,INR
IQS-OPEX-005,Industrial Quality Solutions - IT & Software,OpEx,Carl Zeiss India,India,Industrial Quality Solutions,2026-01,1941849.86,INR
IQS-REV-001,Industrial Quality Solutions - Equipment & Product Revenue,Revenue,Carl Zeiss India,India,Industrial Quality Solutions,2026-02,54861410.64,INR
IQS-REV-002,Industrial Quality Solutions - Service & AMC Revenue,Revenue,Carl Zeiss India,India,Industrial Quality Solutions,2026-02,30684997.4,INR
IQS-REV-003,Industrial Quality Solutions - Training & Applications Revenue,Revenue,Carl Zeiss India,India,Industrial Quality Solutions,2026-02,11754764.34,INR
IQS-COGS-001,Industrial Quality Solutions - Imported Components & Materials,COGS,Carl Zeiss India,India,Industrial Quality Solutions,2026-02,32183776.11,INR
IQS-COGS-002,Industrial Quality Solutions - Installation & Service Labor,COGS,Carl Zeiss India,India,Industrial Quality Solutions,2026-02,13820264.69,INR
IQS-COGS-003,"Industrial Quality Solutions - Freight, Customs & Logistics",COGS,Carl Zeiss India,India,Industrial Quality Solutions,2026-02,7655483.47,INR
IQS-OPEX-001,Industrial Quality Solutions - Sales & Marketing,OpEx,Carl Zeiss India,India,Industrial Quality Solutions,2026-02,11291561.09,INR
IQS-OPEX-002,Industrial Quality Solutions - Applications Engineering & R&D,OpEx,Carl Zeiss India,India,Industrial Quality Solutions,2026-02,6931361.58,INR
IQS-OPEX-003,Industrial Quality Solutions - G&A,OpEx,Carl Zeiss India,India,Industrial Quality Solutions,2026-02,5127690.28,INR
IQS-OPEX-004,Industrial Quality Solutions - Facilities & Rent,OpEx,Carl Zeiss India,India,Industrial Quality Solutions,2026-02,2836845.88,INR
IQS-OPEX-005,Industrial Quality Solutions - IT & Software,OpEx,Carl Zeiss India,India,Industrial Quality Solutions,2026-02,1847884.19,INR
IQS-REV-001,Industrial Quality Solutions - Equipment & Product Revenue,Revenue,Carl Zeiss India,India,Industrial Quality Solutions,2026-03,66271014.42,INR
IQS-REV-002,Industrial Quality Solutions - Service & AMC Revenue,Revenue,Carl Zeiss India,India,Industrial Quality Solutions,2026-03,29265725.8,INR
IQS-REV-003,Industrial Quality Solutions - Training & Applications Revenue,Revenue,Carl Zeiss India,India,Industrial Quality Solutions,2026-03,13542115.83,INR
IQS-COGS-001,Industrial Quality Solutions - Imported Components & Materials,COGS,Carl Zeiss India,India,Industrial Quality Solutions,2026-03,33999277.2,INR
IQS-COGS-002,Industrial Quality Solutions - Installation & Service Labor,COGS,Carl Zeiss India,India,Industrial Quality Solutions,2026-03,14052781.98,INR
IQS-COGS-003,"Industrial Quality Solutions - Freight, Customs & Logistics",COGS,Carl Zeiss India,India,Industrial Quality Solutions,2026-03,8589792.15,INR
IQS-OPEX-001,Industrial Quality Solutions - Sales & Marketing,OpEx,Carl Zeiss India,India,Industrial Quality Solutions,2026-03,11676739.34,INR
IQS-OPEX-002,Industrial Quality Solutions - Applications Engineering & R&D,OpEx,Carl Zeiss India,India,Industrial Quality Solutions,2026-03,7332120.3,INR
IQS-OPEX-003,Industrial Quality Solutions - G&A,OpEx,Carl Zeiss India,India,Industrial Quality Solutions,2026-03,5140371.59,INR
IQS-OPEX-004,Industrial Quality Solutions - Facilities & Rent,OpEx,Carl Zeiss India,India,Industrial Quality Solutions,2026-03,2869236.74,INR
IQS-OPEX-005,Industrial Quality Solutions - IT & Software,OpEx,Carl Zeiss India,India,Industrial Quality Solutions,2026-03,2110312.85,INR
IQS-REV-001,Industrial Quality Solutions - Equipment & Product Revenue,Revenue,Carl Zeiss India,India,Industrial Quality Solutions,2026-04,42536576.11,INR
IQS-REV-002,Industrial Quality Solutions - Service & AMC Revenue,Revenue,Carl Zeiss India,India,Industrial Quality Solutions,2026-04,20992516.67,INR
IQS-REV-003,Industrial Quality Solutions - Training & Applications Revenue,Revenue,Carl Zeiss India,India,Industrial Quality Solutions,2026-04,10064367.46,INR
IQS-COGS-001,Industrial Quality Solutions - Imported Components & Materials,COGS,Carl Zeiss India,India,Industrial Quality Solutions,2026-04,24078878.08,INR
IQS-COGS-002,Industrial Quality Solutions - Installation & Service Labor,COGS,Carl Zeiss India,India,Industrial Quality Solutions,2026-04,11293716.59,INR
IQS-COGS-003,"Industrial Quality Solutions - Freight, Customs & Logistics",COGS,Carl Zeiss India,India,Industrial Quality Solutions,2026-04,5934221.54,INR
IQS-OPEX-001,Industrial Quality Solutions - Sales & Marketing,OpEx,Carl Zeiss India,India,Industrial Quality Solutions,2026-04,8325015.36,INR
IQS-OPEX-002,Industrial Quality Solutions - Applications Engineering & R&D,OpEx,Carl Zeiss India,India,Industrial Quality Solutions,2026-04,5315737.2,INR
IQS-OPEX-003,Industrial Quality Solutions - G&A,OpEx,Carl Zeiss India,India,Industrial Quality Solutions,2026-04,3980518.89,INR
IQS-OPEX-004,Industrial Quality Solutions - Facilities & Rent,OpEx,Carl Zeiss India,India,Industrial Quality Solutions,2026-04,2398667.71,INR
IQS-OPEX-005,Industrial Quality Solutions - IT & Software,OpEx,Carl Zeiss India,India,Industrial Quality Solutions,2026-04,699406.41,INR
IQS-REV-001,Industrial Quality Solutions - Equipment & Product Revenue,Revenue,Carl Zeiss India,India,Industrial Quality Solutions,2026-05,51358656.02,INR
IQS-REV-002,Industrial Quality Solutions - Service & AMC Revenue,Revenue,Carl Zeiss India,India,Industrial Quality Solutions,2026-05,21943083.94,INR
IQS-REV-003,Industrial Quality Solutions - Training & Applications Revenue,Revenue,Carl Zeiss India,India,Industrial Quality Solutions,2026-05,9405212.37,INR
IQS-COGS-001,Industrial Quality Solutions - Imported Components & Materials,COGS,Carl Zeiss India,India,Industrial Quality Solutions,2026-05,27641089.31,INR
IQS-COGS-002,Industrial Quality Solutions - Installation & Service Labor,COGS,Carl Zeiss India,India,Industrial Quality Solutions,2026-05,11276556.47,INR
IQS-COGS-003,"Industrial Quality Solutions - Freight, Customs & Logistics",COGS,Carl Zeiss India,India,Industrial Quality Solutions,2026-05,6843330.35,INR
IQS-OPEX-001,Industrial Quality Solutions - Sales & Marketing,OpEx,Carl Zeiss India,India,Industrial Quality Solutions,2026-05,9918424.0,INR
IQS-OPEX-002,Industrial Quality Solutions - Applications Engineering & R&D,OpEx,Carl Zeiss India,India,Industrial Quality Solutions,2026-05,5639454.56,INR
IQS-OPEX-003,Industrial Quality Solutions - G&A,OpEx,Carl Zeiss India,India,Industrial Quality Solutions,2026-05,4532427.38,INR
IQS-OPEX-004,Industrial Quality Solutions - Facilities & Rent,OpEx,Carl Zeiss India,India,Industrial Quality Solutions,2026-05,2214223.0,INR
IQS-OPEX-005,Industrial Quality Solutions - IT & Software,OpEx,Carl Zeiss India,India,Industrial Quality Solutions,2026-05,1542141.3,INR
IQS-REV-001,Industrial Quality Solutions - Equipment & Product Revenue,Revenue,Carl Zeiss India,India,Industrial Quality Solutions,2026-06,54619891.96,INR
IQS-REV-002,Industrial Quality Solutions - Service & AMC Revenue,Revenue,Carl Zeiss India,India,Industrial Quality Solutions,2026-06,24746991.19,INR
IQS-REV-003,Industrial Quality Solutions - Training & Applications Revenue,Revenue,Carl Zeiss India,India,Industrial Quality Solutions,2026-06,9994854.37,INR
IQS-COGS-001,Industrial Quality Solutions - Imported Components & Materials,COGS,Carl Zeiss India,India,Industrial Quality Solutions,2026-06,29006765.2,INR
IQS-COGS-002,Industrial Quality Solutions - Installation & Service Labor,COGS,Carl Zeiss India,India,Industrial Quality Solutions,2026-06,12816547.91,INR
IQS-COGS-003,"Industrial Quality Solutions - Freight, Customs & Logistics",COGS,Carl Zeiss India,India,Industrial Quality Solutions,2026-06,7773919.28,INR
IQS-OPEX-001,Industrial Quality Solutions - Sales & Marketing,OpEx,Carl Zeiss India,India,Industrial Quality Solutions,2026-06,8859377.12,INR
IQS-OPEX-002,Industrial Quality Solutions - Applications Engineering & R&D,OpEx,Carl Zeiss India,India,Industrial Quality Solutions,2026-06,5674259.03,INR
IQS-OPEX-003,Industrial Quality Solutions - G&A,OpEx,Carl Zeiss India,India,Industrial Quality Solutions,2026-06,4328595.43,INR
IQS-OPEX-004,Industrial Quality Solutions - Facilities & Rent,OpEx,Carl Zeiss India,India,Industrial Quality Solutions,2026-06,2697270.91,INR
IQS-OPEX-005,Industrial Quality Solutions - IT & Software,OpEx,Carl Zeiss India,India,Industrial Quality Solutions,2026-06,1563457.26,INR
IQS-REV-001,Industrial Quality Solutions - Equipment & Product Revenue,Revenue,Carl Zeiss India,India,Industrial Quality Solutions,2026-07,44667154.05,INR
IQS-REV-002,Industrial Quality Solutions - Service & AMC Revenue,Revenue,Carl Zeiss India,India,Industrial Quality Solutions,2026-07,23566061.89,INR
IQS-REV-003,Industrial Quality Solutions - Training & Applications Revenue,Revenue,Carl Zeiss India,India,Industrial Quality Solutions,2026-07,10720433.49,INR
IQS-COGS-001,Industrial Quality Solutions - Imported Components & Materials,COGS,Carl Zeiss India,India,Industrial Quality Solutions,2026-07,27352917.72,INR
IQS-COGS-002,Industrial Quality Solutions - Installation & Service Labor,COGS,Carl Zeiss India,India,Industrial Quality Solutions,2026-07,10779046.1,INR
IQS-COGS-003,"Industrial Quality Solutions - Freight, Customs & Logistics",COGS,Carl Zeiss India,India,Industrial Quality Solutions,2026-07,6711535.02,INR
IQS-OPEX-001,Industrial Quality Solutions - Sales & Marketing,OpEx,Carl Zeiss India,India,Industrial Quality Solutions,2026-07,8916963.29,INR
IQS-OPEX-002,Industrial Quality Solutions - Applications Engineering & R&D,OpEx,Carl Zeiss India,India,Industrial Quality Solutions,2026-07,5721745.65,INR
IQS-OPEX-003,Industrial Quality Solutions - G&A,OpEx,Carl Zeiss India,India,Industrial Quality Solutions,2026-07,4171827.09,INR
IQS-OPEX-004,Industrial Quality Solutions - Facilities & Rent,OpEx,Carl Zeiss India,India,Industrial Quality Solutions,2026-07,2440942.03,INR
IQS-OPEX-005,Industrial Quality Solutions - IT & Software,OpEx,Carl Zeiss India,India,Industrial Quality Solutions,2026-07,1654727.41,INR
IQS-REV-001,Industrial Quality Solutions - Equipment & Product Revenue,Revenue,Carl Zeiss India,India,Industrial Quality Solutions,2026-08,51377471.65,INR
IQS-REV-002,Industrial Quality Solutions - Service & AMC Revenue,Revenue,Carl Zeiss India,India,Industrial Quality Solutions,2026-08,21914205.74,INR
IQS-REV-003,Industrial Quality Solutions - Training & Applications Revenue,Revenue,Carl Zeiss India,India,Industrial Quality Solutions,2026-08,10194968.24,INR
IQS-COGS-001,Industrial Quality Solutions - Imported Components & Materials,COGS,Carl Zeiss India,India,Industrial Quality Solutions,2026-08,28469824.16,INR
IQS-COGS-002,Industrial Quality Solutions - Installation & Service Labor,COGS,Carl Zeiss India,India,Industrial Quality Solutions,2026-08,10319618.0,INR
IQS-COGS-003,"Industrial Quality Solutions - Freight, Customs & Logistics",COGS,Carl Zeiss India,India,Industrial Quality Solutions,2026-08,6629839.01,INR
IQS-OPEX-001,Industrial Quality Solutions - Sales & Marketing,OpEx,Carl Zeiss India,India,Industrial Quality Solutions,2026-08,9595246.04,INR
IQS-OPEX-002,Industrial Quality Solutions - Applications Engineering & R&D,OpEx,Carl Zeiss India,India,Industrial Quality Solutions,2026-08,5119078.16,INR
IQS-OPEX-003,Industrial Quality Solutions - G&A,OpEx,Carl Zeiss India,India,Industrial Quality Solutions,2026-08,4388213.33,INR
IQS-OPEX-004,Industrial Quality Solutions - Facilities & Rent,OpEx,Carl Zeiss India,India,Industrial Quality Solutions,2026-08,2537641.17,INR
IQS-OPEX-005,Industrial Quality Solutions - IT & Software,OpEx,Carl Zeiss India,India,Industrial Quality Solutions,2026-08,1668497.67,INR
MED-REV-001,Medical Technology - Equipment & Product Revenue,Revenue,Carl Zeiss India,India,Medical Technology,2023-09,17533233.02,INR
MED-REV-002,Medical Technology - Service & AMC Revenue,Revenue,Carl Zeiss India,India,Medical Technology,2023-09,8955925.95,INR
MED-REV-003,Medical Technology - Training & Applications Revenue,Revenue,Carl Zeiss India,India,Medical Technology,2023-09,4235428.05,INR
MED-COGS-001,Medical Technology - Imported Components & Materials,COGS,Carl Zeiss India,India,Medical Technology,2023-09,9320128.55,INR
MED-COGS-002,Medical Technology - Installation & Service Labor,COGS,Carl Zeiss India,India,Medical Technology,2023-09,4399051.13,INR
MED-COGS-003,"Medical Technology - Freight, Customs & Logistics",COGS,Carl Zeiss India,India,Medical Technology,2023-09,2440880.96,INR
MED-OPEX-001,Medical Technology - Sales & Marketing,OpEx,Carl Zeiss India,India,Medical Technology,2023-09,3244285.42,INR
MED-OPEX-002,Medical Technology - Applications Engineering & R&D,OpEx,Carl Zeiss India,India,Medical Technology,2023-09,1917607.12,INR
MED-OPEX-003,Medical Technology - G&A,OpEx,Carl Zeiss India,India,Medical Technology,2023-09,1508276.25,INR
MED-OPEX-004,Medical Technology - Facilities & Rent,OpEx,Carl Zeiss India,India,Medical Technology,2023-09,853055.39,INR
MED-OPEX-005,Medical Technology - IT & Software,OpEx,Carl Zeiss India,India,Medical Technology,2023-09,506071.53,INR
MED-REV-001,Medical Technology - Equipment & Product Revenue,Revenue,Carl Zeiss India,India,Medical Technology,2023-10,19073358.97,INR
MED-REV-002,Medical Technology - Service & AMC Revenue,Revenue,Carl Zeiss India,India,Medical Technology,2023-10,9080173.09,INR
MED-REV-003,Medical Technology - Training & Applications Revenue,Revenue,Carl Zeiss India,India,Medical Technology,2023-10,3751469.36,INR
MED-COGS-001,Medical Technology - Imported Components & Materials,COGS,Carl Zeiss India,India,Medical Technology,2023-10,9768288.06,INR
MED-COGS-002,Medical Technology - Installation & Service Labor,COGS,Carl Zeiss India,India,Medical Technology,2023-10,4111127.38,INR
MED-COGS-003,"Medical Technology - Freight, Customs & Logistics",COGS,Carl Zeiss India,India,Medical Technology,2023-10,2662516.99,INR
MED-OPEX-001,Medical Technology - Sales & Marketing,OpEx,Carl Zeiss India,India,Medical Technology,2023-10,3176269.68,INR
MED-OPEX-002,Medical Technology - Applications Engineering & R&D,OpEx,Carl Zeiss India,India,Medical Technology,2023-10,2164267.49,INR
MED-OPEX-003,Medical Technology - G&A,OpEx,Carl Zeiss India,India,Medical Technology,2023-10,1510048.71,INR
MED-OPEX-004,Medical Technology - Facilities & Rent,OpEx,Carl Zeiss India,India,Medical Technology,2023-10,893494.56,INR
MED-OPEX-005,Medical Technology - IT & Software,OpEx,Carl Zeiss India,India,Medical Technology,2023-10,609095.97,INR
MED-REV-001,Medical Technology - Equipment & Product Revenue,Revenue,Carl Zeiss India,India,Medical Technology,2023-11,19620085.38,INR
MED-REV-002,Medical Technology - Service & AMC Revenue,Revenue,Carl Zeiss India,India,Medical Technology,2023-11,9667795.35,INR
MED-REV-003,Medical Technology - Training & Applications Revenue,Revenue,Carl Zeiss India,India,Medical Technology,2023-11,3763802.44,INR
MED-COGS-001,Medical Technology - Imported Components & Materials,COGS,Carl Zeiss India,India,Medical Technology,2023-11,10282962.69,INR
MED-COGS-002,Medical Technology - Installation & Service Labor,COGS,Carl Zeiss India,India,Medical Technology,2023-11,4779779.97,INR
MED-COGS-003,"Medical Technology - Freight, Customs & Logistics",COGS,Carl Zeiss India,India,Medical Technology,2023-11,2623325.0,INR
MED-OPEX-001,Medical Technology - Sales & Marketing,OpEx,Carl Zeiss India,India,Medical Technology,2023-11,3543884.43,INR
MED-OPEX-002,Medical Technology - Applications Engineering & R&D,OpEx,Carl Zeiss India,India,Medical Technology,2023-11,2484571.95,INR
MED-OPEX-003,Medical Technology - G&A,OpEx,Carl Zeiss India,India,Medical Technology,2023-11,1707613.74,INR
MED-OPEX-004,Medical Technology - Facilities & Rent,OpEx,Carl Zeiss India,India,Medical Technology,2023-11,927832.26,INR
MED-OPEX-005,Medical Technology - IT & Software,OpEx,Carl Zeiss India,India,Medical Technology,2023-11,715856.5,INR
MED-REV-001,Medical Technology - Equipment & Product Revenue,Revenue,Carl Zeiss India,India,Medical Technology,2023-12,18599420.35,INR
MED-REV-002,Medical Technology - Service & AMC Revenue,Revenue,Carl Zeiss India,India,Medical Technology,2023-12,8987137.18,INR
MED-REV-003,Medical Technology - Training & Applications Revenue,Revenue,Carl Zeiss India,India,Medical Technology,2023-12,3707649.31,INR
MED-COGS-001,Medical Technology - Imported Components & Materials,COGS,Carl Zeiss India,India,Medical Technology,2023-12,9629453.84,INR
MED-COGS-002,Medical Technology - Installation & Service Labor,COGS,Carl Zeiss India,India,Medical Technology,2023-12,4621874.92,INR
MED-COGS-003,"Medical Technology - Freight, Customs & Logistics",COGS,Carl Zeiss India,India,Medical Technology,2023-12,2255632.07,INR
MED-OPEX-001,Medical Technology - Sales & Marketing,OpEx,Carl Zeiss India,India,Medical Technology,2023-12,3273246.54,INR
MED-OPEX-002,Medical Technology - Applications Engineering & R&D,OpEx,Carl Zeiss India,India,Medical Technology,2023-12,2064512.65,INR
MED-OPEX-003,Medical Technology - G&A,OpEx,Carl Zeiss India,India,Medical Technology,2023-12,1686750.33,INR
MED-OPEX-004,Medical Technology - Facilities & Rent,OpEx,Carl Zeiss India,India,Medical Technology,2023-12,941868.74,INR
MED-OPEX-005,Medical Technology - IT & Software,OpEx,Carl Zeiss India,India,Medical Technology,2023-12,628054.41,INR
MED-REV-001,Medical Technology - Equipment & Product Revenue,Revenue,Carl Zeiss India,India,Medical Technology,2024-01,21086016.46,INR
MED-REV-002,Medical Technology - Service & AMC Revenue,Revenue,Carl Zeiss India,India,Medical Technology,2024-01,10226956.03,INR
MED-REV-003,Medical Technology - Training & Applications Revenue,Revenue,Carl Zeiss India,India,Medical Technology,2024-01,4198949.0,INR
MED-COGS-001,Medical Technology - Imported Components & Materials,COGS,Carl Zeiss India,India,Medical Technology,2024-01,10460405.7,INR
MED-COGS-002,Medical Technology - Installation & Service Labor,COGS,Carl Zeiss India,India,Medical Technology,2024-01,4662818.86,INR
MED-COGS-003,"Medical Technology - Freight, Customs & Logistics",COGS,Carl Zeiss India,India,Medical Technology,2024-01,2790150.74,INR
MED-OPEX-001,Medical Technology - Sales & Marketing,OpEx,Carl Zeiss India,India,Medical Technology,2024-01,3732622.57,INR
MED-OPEX-002,Medical Technology - Applications Engineering & R&D,OpEx,Carl Zeiss India,India,Medical Technology,2024-01,2591753.53,INR
MED-OPEX-003,Medical Technology - G&A,OpEx,Carl Zeiss India,India,Medical Technology,2024-01,1710126.38,INR
MED-OPEX-004,Medical Technology - Facilities & Rent,OpEx,Carl Zeiss India,India,Medical Technology,2024-01,1026036.32,INR
MED-OPEX-005,Medical Technology - IT & Software,OpEx,Carl Zeiss India,India,Medical Technology,2024-01,694778.41,INR
MED-REV-001,Medical Technology - Equipment & Product Revenue,Revenue,Carl Zeiss India,India,Medical Technology,2024-02,21088164.96,INR
MED-REV-002,Medical Technology - Service & AMC Revenue,Revenue,Carl Zeiss India,India,Medical Technology,2024-02,9007787.05,INR
MED-REV-003,Medical Technology - Training & Applications Revenue,Revenue,Carl Zeiss India,India,Medical Technology,2024-02,4413095.67,INR
MED-COGS-001,Medical Technology - Imported Components & Materials,COGS,Carl Zeiss India,India,Medical Technology,2024-02,11843220.74,INR
MED-COGS-002,Medical Technology - Installation & Service Labor,COGS,Carl Zeiss India,India,Medical Technology,2024-02,5092577.83,INR
MED-COGS-003,"Medical Technology - Freight, Customs & Logistics",COGS,Carl Zeiss India,India,Medical Technology,2024-02,2532991.93,INR
MED-OPEX-001,Medical Technology - Sales & Marketing,OpEx,Carl Zeiss India,India,Medical Technology,2024-02,3867794.75,INR
MED-OPEX-002,Medical Technology - Applications Engineering & R&D,OpEx,Carl Zeiss India,India,Medical Technology,2024-02,2576978.02,INR
MED-OPEX-003,Medical Technology - G&A,OpEx,Carl Zeiss India,India,Medical Technology,2024-02,1590045.05,INR
MED-OPEX-004,Medical Technology - Facilities & Rent,OpEx,Carl Zeiss India,India,Medical Technology,2024-02,1066165.46,INR
MED-OPEX-005,Medical Technology - IT & Software,OpEx,Carl Zeiss India,India,Medical Technology,2024-02,737431.47,INR
MED-REV-001,Medical Technology - Equipment & Product Revenue,Revenue,Carl Zeiss India,India,Medical Technology,2024-03,21847944.77,INR
MED-REV-002,Medical Technology - Service & AMC Revenue,Revenue,Carl Zeiss India,India,Medical Technology,2024-03,10853602.09,INR
MED-REV-003,Medical Technology - Training & Applications Revenue,Revenue,Carl Zeiss India,India,Medical Technology,2024-03,4834843.78,INR
MED-COGS-001,Medical Technology - Imported Components & Materials,COGS,Carl Zeiss India,India,Medical Technology,2024-03,12387283.03,INR
MED-COGS-002,Medical Technology - Installation & Service Labor,COGS,Carl Zeiss India,India,Medical Technology,2024-03,5627779.3,INR
MED-COGS-003,"Medical Technology - Freight, Customs & Logistics",COGS,Carl Zeiss India,India,Medical Technology,2024-03,3342042.37,INR
MED-OPEX-001,Medical Technology - Sales & Marketing,OpEx,Carl Zeiss India,India,Medical Technology,2024-03,4466085.35,INR
MED-OPEX-002,Medical Technology - Applications Engineering & R&D,OpEx,Carl Zeiss India,India,Medical Technology,2024-03,2809007.98,INR
MED-OPEX-003,Medical Technology - G&A,OpEx,Carl Zeiss India,India,Medical Technology,2024-03,1863236.52,INR
MED-OPEX-004,Medical Technology - Facilities & Rent,OpEx,Carl Zeiss India,India,Medical Technology,2024-03,1254483.76,INR
MED-OPEX-005,Medical Technology - IT & Software,OpEx,Carl Zeiss India,India,Medical Technology,2024-03,791478.07,INR
MED-REV-001,Medical Technology - Equipment & Product Revenue,Revenue,Carl Zeiss India,India,Medical Technology,2024-04,16992756.24,INR
MED-REV-002,Medical Technology - Service & AMC Revenue,Revenue,Carl Zeiss India,India,Medical Technology,2024-04,7971590.13,INR
MED-REV-003,Medical Technology - Training & Applications Revenue,Revenue,Carl Zeiss India,India,Medical Technology,2024-04,3618718.02,INR
MED-COGS-001,Medical Technology - Imported Components & Materials,COGS,Carl Zeiss India,India,Medical Technology,2024-04,9011777.15,INR
MED-COGS-002,Medical Technology - Installation & Service Labor,COGS,Carl Zeiss India,India,Medical Technology,2024-04,3674251.49,INR
MED-COGS-003,"Medical Technology - Freight, Customs & Logistics",COGS,Carl Zeiss India,India,Medical Technology,2024-04,2396887.83,INR
MED-OPEX-001,Medical Technology - Sales & Marketing,OpEx,Carl Zeiss India,India,Medical Technology,2024-04,3187197.12,INR
MED-OPEX-002,Medical Technology - Applications Engineering & R&D,OpEx,Carl Zeiss India,India,Medical Technology,2024-04,2280573.11,INR
MED-OPEX-003,Medical Technology - G&A,OpEx,Carl Zeiss India,India,Medical Technology,2024-04,1400555.19,INR
MED-OPEX-004,Medical Technology - Facilities & Rent,OpEx,Carl Zeiss India,India,Medical Technology,2024-04,876456.35,INR
MED-OPEX-005,Medical Technology - IT & Software,OpEx,Carl Zeiss India,India,Medical Technology,2024-04,539231.29,INR
MED-REV-001,Medical Technology - Equipment & Product Revenue,Revenue,Carl Zeiss India,India,Medical Technology,2024-05,18272783.44,INR
MED-REV-002,Medical Technology - Service & AMC Revenue,Revenue,Carl Zeiss India,India,Medical Technology,2024-05,8688033.63,INR
MED-REV-003,Medical Technology - Training & Applications Revenue,Revenue,Carl Zeiss India,India,Medical Technology,2024-05,5932574.31,INR
MED-COGS-001,Medical Technology - Imported Components & Materials,COGS,Carl Zeiss India,India,Medical Technology,2024-05,9963298.35,INR
MED-COGS-002,Medical Technology - Installation & Service Labor,COGS,Carl Zeiss India,India,Medical Technology,2024-05,4323109.18,INR
MED-COGS-003,"Medical Technology - Freight, Customs & Logistics",COGS,Carl Zeiss India,India,Medical Technology,2024-05,2451796.47,INR
MED-OPEX-001,Medical Technology - Sales & Marketing,OpEx,Carl Zeiss India,India,Medical Technology,2024-05,3369131.01,INR
MED-OPEX-002,Medical Technology - Applications Engineering & R&D,OpEx,Carl Zeiss India,India,Medical Technology,2024-05,2064254.34,INR
MED-OPEX-003,Medical Technology - G&A,OpEx,Carl Zeiss India,India,Medical Technology,2024-05,1473656.68,INR
MED-OPEX-004,Medical Technology - Facilities & Rent,OpEx,Carl Zeiss India,India,Medical Technology,2024-05,923617.25,INR
MED-OPEX-005,Medical Technology - IT & Software,OpEx,Carl Zeiss India,India,Medical Technology,2024-05,671542.21,INR
MED-REV-001,Medical Technology - Equipment & Product Revenue,Revenue,Carl Zeiss India,India,Medical Technology,2024-06,20349224.33,INR
MED-REV-002,Medical Technology - Service & AMC Revenue,Revenue,Carl Zeiss India,India,Medical Technology,2024-06,8165596.43,INR
MED-REV-003,Medical Technology - Training & Applications Revenue,Revenue,Carl Zeiss India,India,Medical Technology,2024-06,4142302.54,INR
MED-COGS-001,Medical Technology - Imported Components & Materials,COGS,Carl Zeiss India,India,Medical Technology,2024-06,10543922.09,INR
MED-COGS-002,Medical Technology - Installation & Service Labor,COGS,Carl Zeiss India,India,Medical Technology,2024-06,4898431.05,INR
MED-COGS-003,"Medical Technology - Freight, Customs & Logistics",COGS,Carl Zeiss India,India,Medical Technology,2024-06,2751319.43,INR
MED-OPEX-001,Medical Technology - Sales & Marketing,OpEx,Carl Zeiss India,India,Medical Technology,2024-06,3399172.96,INR
MED-OPEX-002,Medical Technology - Applications Engineering & R&D,OpEx,Carl Zeiss India,India,Medical Technology,2024-06,2064315.48,INR
MED-OPEX-003,Medical Technology - G&A,OpEx,Carl Zeiss India,India,Medical Technology,2024-06,1514720.62,INR
MED-OPEX-004,Medical Technology - Facilities & Rent,OpEx,Carl Zeiss India,India,Medical Technology,2024-06,999659.7,INR
MED-OPEX-005,Medical Technology - IT & Software,OpEx,Carl Zeiss India,India,Medical Technology,2024-06,648528.98,INR
MED-REV-001,Medical Technology - Equipment & Product Revenue,Revenue,Carl Zeiss India,India,Medical Technology,2024-07,17739975.11,INR
MED-REV-002,Medical Technology - Service & AMC Revenue,Revenue,Carl Zeiss India,India,Medical Technology,2024-07,7749767.1,INR
MED-REV-003,Medical Technology - Training & Applications Revenue,Revenue,Carl Zeiss India,India,Medical Technology,2024-07,3487626.57,INR
MED-COGS-001,Medical Technology - Imported Components & Materials,COGS,Carl Zeiss India,India,Medical Technology,2024-07,10322683.72,INR
MED-COGS-002,Medical Technology - Installation & Service Labor,COGS,Carl Zeiss India,India,Medical Technology,2024-07,4410301.34,INR
MED-COGS-003,"Medical Technology - Freight, Customs & Logistics",COGS,Carl Zeiss India,India,Medical Technology,2024-07,2246481.89,INR
MED-OPEX-001,Medical Technology - Sales & Marketing,OpEx,Carl Zeiss India,India,Medical Technology,2024-07,3044874.16,INR
MED-OPEX-002,Medical Technology - Applications Engineering & R&D,OpEx,Carl Zeiss India,India,Medical Technology,2024-07,1884759.76,INR
MED-OPEX-003,Medical Technology - G&A,OpEx,Carl Zeiss India,India,Medical Technology,2024-07,1515250.04,INR
MED-OPEX-004,Medical Technology - Facilities & Rent,OpEx,Carl Zeiss India,India,Medical Technology,2024-07,909836.34,INR
MED-OPEX-005,Medical Technology - IT & Software,OpEx,Carl Zeiss India,India,Medical Technology,2024-07,622685.67,INR
MED-REV-001,Medical Technology - Equipment & Product Revenue,Revenue,Carl Zeiss India,India,Medical Technology,2024-08,17692038.29,INR
MED-REV-002,Medical Technology - Service & AMC Revenue,Revenue,Carl Zeiss India,India,Medical Technology,2024-08,8379897.86,INR
MED-REV-003,Medical Technology - Training & Applications Revenue,Revenue,Carl Zeiss India,India,Medical Technology,2024-08,3882415.24,INR
MED-COGS-001,Medical Technology - Imported Components & Materials,COGS,Carl Zeiss India,India,Medical Technology,2024-08,10124361.12,INR
MED-COGS-002,Medical Technology - Installation & Service Labor,COGS,Carl Zeiss India,India,Medical Technology,2024-08,4172760.42,INR
MED-COGS-003,"Medical Technology - Freight, Customs & Logistics",COGS,Carl Zeiss India,India,Medical Technology,2024-08,2613911.29,INR
MED-OPEX-001,Medical Technology - Sales & Marketing,OpEx,Carl Zeiss India,India,Medical Technology,2024-08,3380973.75,INR
MED-OPEX-002,Medical Technology - Applications Engineering & R&D,OpEx,Carl Zeiss India,India,Medical Technology,2024-08,2007496.89,INR
MED-OPEX-003,Medical Technology - G&A,OpEx,Carl Zeiss India,India,Medical Technology,2024-08,1630211.96,INR
MED-OPEX-004,Medical Technology - Facilities & Rent,OpEx,Carl Zeiss India,India,Medical Technology,2024-08,915158.23,INR
MED-OPEX-005,Medical Technology - IT & Software,OpEx,Carl Zeiss India,India,Medical Technology,2024-08,320687.02,INR
MED-REV-001,Medical Technology - Equipment & Product Revenue,Revenue,Carl Zeiss India,India,Medical Technology,2024-09,9674346.83,INR
MED-REV-002,Medical Technology - Service & AMC Revenue,Revenue,Carl Zeiss India,India,Medical Technology,2024-09,8281027.36,INR
MED-REV-003,Medical Technology - Training & Applications Revenue,Revenue,Carl Zeiss India,India,Medical Technology,2024-09,4252003.83,INR
MED-COGS-001,Medical Technology - Imported Components & Materials,COGS,Carl Zeiss India,India,Medical Technology,2024-09,11351517.7,INR
MED-COGS-002,Medical Technology - Installation & Service Labor,COGS,Carl Zeiss India,India,Medical Technology,2024-09,4789133.76,INR
MED-COGS-003,"Medical Technology - Freight, Customs & Logistics",COGS,Carl Zeiss India,India,Medical Technology,2024-09,2644970.37,INR
MED-OPEX-001,Medical Technology - Sales & Marketing,OpEx,Carl Zeiss India,India,Medical Technology,2024-09,4059038.67,INR
MED-OPEX-002,Medical Technology - Applications Engineering & R&D,OpEx,Carl Zeiss India,India,Medical Technology,2024-09,2255480.31,INR
MED-OPEX-003,Medical Technology - G&A,OpEx,Carl Zeiss India,India,Medical Technology,2024-09,1673054.42,INR
MED-OPEX-004,Medical Technology - Facilities & Rent,OpEx,Carl Zeiss India,India,Medical Technology,2024-09,970225.62,INR
MED-OPEX-005,Medical Technology - IT & Software,OpEx,Carl Zeiss India,India,Medical Technology,2024-09,696272.81,INR
MED-REV-001,Medical Technology - Equipment & Product Revenue,Revenue,Carl Zeiss India,India,Medical Technology,2024-10,20241101.61,INR
MED-REV-002,Medical Technology - Service & AMC Revenue,Revenue,Carl Zeiss India,India,Medical Technology,2024-10,10232891.37,INR
MED-REV-003,Medical Technology - Training & Applications Revenue,Revenue,Carl Zeiss India,India,Medical Technology,2024-10,4479072.28,INR
MED-COGS-001,Medical Technology - Imported Components & Materials,COGS,Carl Zeiss India,India,Medical Technology,2024-10,11636018.0,INR
MED-COGS-002,Medical Technology - Installation & Service Labor,COGS,Carl Zeiss India,India,Medical Technology,2024-10,4552655.78,INR
MED-COGS-003,"Medical Technology - Freight, Customs & Logistics",COGS,Carl Zeiss India,India,Medical Technology,2024-10,2728265.54,INR
MED-OPEX-001,Medical Technology - Sales & Marketing,OpEx,Carl Zeiss India,India,Medical Technology,2024-10,3662663.0,INR
MED-OPEX-002,Medical Technology - Applications Engineering & R&D,OpEx,Carl Zeiss India,India,Medical Technology,2024-10,2435642.91,INR
MED-OPEX-003,Medical Technology - G&A,OpEx,Carl Zeiss India,India,Medical Technology,2024-10,1618785.93,INR
MED-OPEX-004,Medical Technology - Facilities & Rent,OpEx,Carl Zeiss India,India,Medical Technology,2024-10,987920.25,INR
MED-OPEX-005,Medical Technology - IT & Software,OpEx,Carl Zeiss India,India,Medical Technology,2024-10,700353.16,INR
MED-REV-001,Medical Technology - Equipment & Product Revenue,Revenue,Carl Zeiss India,India,Medical Technology,2024-11,22907781.55,INR
MED-REV-002,Medical Technology - Service & AMC Revenue,Revenue,Carl Zeiss India,India,Medical Technology,2024-11,10687222.26,INR
MED-REV-003,Medical Technology - Training & Applications Revenue,Revenue,Carl Zeiss India,India,Medical Technology,2024-11,4218365.55,INR
MED-COGS-001,Medical Technology - Imported Components & Materials,COGS,Carl Zeiss India,India,Medical Technology,2024-11,11212648.62,INR
MED-COGS-002,Medical Technology - Installation & Service Labor,COGS,Carl Zeiss India,India,Medical Technology,2024-11,5446808.83,INR
MED-COGS-003,"Medical Technology - Freight, Customs & Logistics",COGS,Carl Zeiss India,India,Medical Technology,2024-11,3143595.76,INR
MED-OPEX-001,Medical Technology - Sales & Marketing,OpEx,Carl Zeiss India,India,Medical Technology,2024-11,3899376.75,INR
MED-OPEX-002,Medical Technology - Applications Engineering & R&D,OpEx,Carl Zeiss India,India,Medical Technology,2024-11,2446470.41,INR
MED-OPEX-003,Medical Technology - G&A,OpEx,Carl Zeiss India,India,Medical Technology,2024-11,1722583.9,INR
MED-OPEX-004,Medical Technology - Facilities & Rent,OpEx,Carl Zeiss India,India,Medical Technology,2024-11,1078926.91,INR
MED-OPEX-005,Medical Technology - IT & Software,OpEx,Carl Zeiss India,India,Medical Technology,2024-11,741610.46,INR
MED-REV-001,Medical Technology - Equipment & Product Revenue,Revenue,Carl Zeiss India,India,Medical Technology,2024-12,20272429.73,INR
MED-REV-002,Medical Technology - Service & AMC Revenue,Revenue,Carl Zeiss India,India,Medical Technology,2024-12,10263552.39,INR
MED-REV-003,Medical Technology - Training & Applications Revenue,Revenue,Carl Zeiss India,India,Medical Technology,2024-12,3949062.24,INR
MED-COGS-001,Medical Technology - Imported Components & Materials,COGS,Carl Zeiss India,India,Medical Technology,2024-12,11640742.36,INR
MED-COGS-002,Medical Technology - Installation & Service Labor,COGS,Carl Zeiss India,India,Medical Technology,2024-12,5324792.82,INR
MED-COGS-003,"Medical Technology - Freight, Customs & Logistics",COGS,Carl Zeiss India,India,Medical Technology,2024-12,2855897.07,INR
MED-OPEX-001,Medical Technology - Sales & Marketing,OpEx,Carl Zeiss India,India,Medical Technology,2024-12,3591827.02,INR
MED-OPEX-002,Medical Technology - Applications Engineering & R&D,OpEx,Carl Zeiss India,India,Medical Technology,2024-12,2329801.43,INR
MED-OPEX-003,Medical Technology - G&A,OpEx,Carl Zeiss India,India,Medical Technology,2024-12,1728525.67,INR
MED-OPEX-004,Medical Technology - Facilities & Rent,OpEx,Carl Zeiss India,India,Medical Technology,2024-12,1020283.72,INR
MED-OPEX-005,Medical Technology - IT & Software,OpEx,Carl Zeiss India,India,Medical Technology,2024-12,720476.62,INR
MED-REV-001,Medical Technology - Equipment & Product Revenue,Revenue,Carl Zeiss India,India,Medical Technology,2025-01,24480058.97,INR
MED-REV-002,Medical Technology - Service & AMC Revenue,Revenue,Carl Zeiss India,India,Medical Technology,2025-01,11154587.56,INR
MED-REV-003,Medical Technology - Training & Applications Revenue,Revenue,Carl Zeiss India,India,Medical Technology,2025-01,4654249.4,INR
MED-COGS-001,Medical Technology - Imported Components & Materials,COGS,Carl Zeiss India,India,Medical Technology,2025-01,11804833.89,INR
MED-COGS-002,Medical Technology - Installation & Service Labor,COGS,Carl Zeiss India,India,Medical Technology,2025-01,5179711.73,INR
MED-COGS-003,"Medical Technology - Freight, Customs & Logistics",COGS,Carl Zeiss India,India,Medical Technology,2025-01,3056590.11,INR
MED-OPEX-001,Medical Technology - Sales & Marketing,OpEx,Carl Zeiss India,India,Medical Technology,2025-01,4600751.68,INR
MED-OPEX-002,Medical Technology - Applications Engineering & R&D,OpEx,Carl Zeiss India,India,Medical Technology,2025-01,2918103.29,INR
MED-OPEX-003,Medical Technology - G&A,OpEx,Carl Zeiss India,India,Medical Technology,2025-01,2160290.87,INR
MED-OPEX-004,Medical Technology - Facilities & Rent,OpEx,Carl Zeiss India,India,Medical Technology,2025-01,1178644.36,INR
MED-OPEX-005,Medical Technology - IT & Software,OpEx,Carl Zeiss India,India,Medical Technology,2025-01,792001.36,INR
MED-REV-001,Medical Technology - Equipment & Product Revenue,Revenue,Carl Zeiss India,India,Medical Technology,2025-02,22617566.41,INR
MED-REV-002,Medical Technology - Service & AMC Revenue,Revenue,Carl Zeiss India,India,Medical Technology,2025-02,10765748.83,INR
MED-REV-003,Medical Technology - Training & Applications Revenue,Revenue,Carl Zeiss India,India,Medical Technology,2025-02,2182724.38,INR
MED-COGS-001,Medical Technology - Imported Components & Materials,COGS,Carl Zeiss India,India,Medical Technology,2025-02,12091592.59,INR
MED-COGS-002,Medical Technology - Installation & Service Labor,COGS,Carl Zeiss India,India,Medical Technology,2025-02,5363817.11,INR
MED-COGS-003,"Medical Technology - Freight, Customs & Logistics",COGS,Carl Zeiss India,India,Medical Technology,2025-02,3229837.95,INR
MED-OPEX-001,Medical Technology - Sales & Marketing,OpEx,Carl Zeiss India,India,Medical Technology,2025-02,4231974.64,INR
MED-OPEX-002,Medical Technology - Applications Engineering & R&D,OpEx,Carl Zeiss India,India,Medical Technology,2025-02,2812587.13,INR
MED-OPEX-003,Medical Technology - G&A,OpEx,Carl Zeiss India,India,Medical Technology,2025-02,2097397.12,INR
MED-OPEX-004,Medical Technology - Facilities & Rent,OpEx,Carl Zeiss India,India,Medical Technology,2025-02,1064042.41,INR
MED-OPEX-005,Medical Technology - IT & Software,OpEx,Carl Zeiss India,India,Medical Technology,2025-02,811292.31,INR
MED-REV-001,Medical Technology - Equipment & Product Revenue,Revenue,Carl Zeiss India,India,Medical Technology,2025-03,24074377.16,INR
MED-REV-002,Medical Technology - Service & AMC Revenue,Revenue,Carl Zeiss India,India,Medical Technology,2025-03,11909447.68,INR
MED-REV-003,Medical Technology - Training & Applications Revenue,Revenue,Carl Zeiss India,India,Medical Technology,2025-03,5279722.8,INR
MED-COGS-001,Medical Technology - Imported Components & Materials,COGS,Carl Zeiss India,India,Medical Technology,2025-03,14073907.68,INR
MED-COGS-002,Medical Technology - Installation & Service Labor,COGS,Carl Zeiss India,India,Medical Technology,2025-03,5763383.69,INR
MED-COGS-003,"Medical Technology - Freight, Customs & Logistics",COGS,Carl Zeiss India,India,Medical Technology,2025-03,3470308.67,INR
MED-OPEX-001,Medical Technology - Sales & Marketing,OpEx,Carl Zeiss India,India,Medical Technology,2025-03,4820709.45,INR
MED-OPEX-002,Medical Technology - Applications Engineering & R&D,OpEx,Carl Zeiss India,India,Medical Technology,2025-03,2883368.68,INR
MED-OPEX-003,Medical Technology - G&A,OpEx,Carl Zeiss India,India,Medical Technology,2025-03,2217905.39,INR
MED-OPEX-004,Medical Technology - Facilities & Rent,OpEx,Carl Zeiss India,India,Medical Technology,2025-03,1301766.12,INR
MED-OPEX-005,Medical Technology - IT & Software,OpEx,Carl Zeiss India,India,Medical Technology,2025-03,835451.74,INR
MED-REV-001,Medical Technology - Equipment & Product Revenue,Revenue,Carl Zeiss India,India,Medical Technology,2025-04,19240317.94,INR
MED-REV-002,Medical Technology - Service & AMC Revenue,Revenue,Carl Zeiss India,India,Medical Technology,2025-04,8529009.35,INR
MED-REV-003,Medical Technology - Training & Applications Revenue,Revenue,Carl Zeiss India,India,Medical Technology,2025-04,4060889.28,INR
MED-COGS-001,Medical Technology - Imported Components & Materials,COGS,Carl Zeiss India,India,Medical Technology,2025-04,10266175.13,INR
MED-COGS-002,Medical Technology - Installation & Service Labor,COGS,Carl Zeiss India,India,Medical Technology,2025-04,5132832.9,INR
MED-COGS-003,"Medical Technology - Freight, Customs & Logistics",COGS,Carl Zeiss India,India,Medical Technology,2025-04,2621502.5,INR
MED-OPEX-001,Medical Technology - Sales & Marketing,OpEx,Carl Zeiss India,India,Medical Technology,2025-04,3499807.7,INR
MED-OPEX-002,Medical Technology - Applications Engineering & R&D,OpEx,Carl Zeiss India,India,Medical Technology,2025-04,1949499.94,INR
MED-OPEX-003,Medical Technology - G&A,OpEx,Carl Zeiss India,India,Medical Technology,2025-04,1469105.15,INR
MED-OPEX-004,Medical Technology - Facilities & Rent,OpEx,Carl Zeiss India,India,Medical Technology,2025-04,1040728.25,INR
MED-OPEX-005,Medical Technology - IT & Software,OpEx,Carl Zeiss India,India,Medical Technology,2025-04,686951.63,INR
MED-REV-001,Medical Technology - Equipment & Product Revenue,Revenue,Carl Zeiss India,India,Medical Technology,2025-05,20200303.81,INR
MED-REV-002,Medical Technology - Service & AMC Revenue,Revenue,Carl Zeiss India,India,Medical Technology,2025-05,9527401.96,INR
MED-REV-003,Medical Technology - Training & Applications Revenue,Revenue,Carl Zeiss India,India,Medical Technology,2025-05,4560338.33,INR
MED-COGS-001,Medical Technology - Imported Components & Materials,COGS,Carl Zeiss India,India,Medical Technology,2025-05,11235252.65,INR
MED-COGS-002,Medical Technology - Installation & Service Labor,COGS,Carl Zeiss India,India,Medical Technology,2025-05,4306820.96,INR
MED-COGS-003,"Medical Technology - Freight, Customs & Logistics",COGS,Carl Zeiss India,India,Medical Technology,2025-05,2826723.05,INR
MED-OPEX-001,Medical Technology - Sales & Marketing,OpEx,Carl Zeiss India,India,Medical Technology,2025-05,3856966.97,INR
MED-OPEX-002,Medical Technology - Applications Engineering & R&D,OpEx,Carl Zeiss India,India,Medical Technology,2025-05,2314711.28,INR
MED-OPEX-003,Medical Technology - G&A,OpEx,Carl Zeiss India,India,Medical Technology,2025-05,1824196.3,INR
MED-OPEX-004,Medical Technology - Facilities & Rent,OpEx,Carl Zeiss India,India,Medical Technology,2025-05,1040705.99,INR
MED-OPEX-005,Medical Technology - IT & Software,OpEx,Carl Zeiss India,India,Medical Technology,2025-05,664364.69,INR
MED-REV-001,Medical Technology - Equipment & Product Revenue,Revenue,Carl Zeiss India,India,Medical Technology,2025-06,20455847.72,INR
MED-REV-002,Medical Technology - Service & AMC Revenue,Revenue,Carl Zeiss India,India,Medical Technology,2025-06,9914784.86,INR
MED-REV-003,Medical Technology - Training & Applications Revenue,Revenue,Carl Zeiss India,India,Medical Technology,2025-06,4181102.75,INR
MED-COGS-001,Medical Technology - Imported Components & Materials,COGS,Carl Zeiss India,India,Medical Technology,2025-06,11455932.79,INR
MED-COGS-002,Medical Technology - Installation & Service Labor,COGS,Carl Zeiss India,India,Medical Technology,2025-06,5219355.36,INR
MED-COGS-003,"Medical Technology - Freight, Customs & Logistics",COGS,Carl Zeiss India,India,Medical Technology,2025-06,2833928.95,INR
MED-OPEX-001,Medical Technology - Sales & Marketing,OpEx,Carl Zeiss India,India,Medical Technology,2025-06,4013139.64,INR
MED-OPEX-002,Medical Technology - Applications Engineering & R&D,OpEx,Carl Zeiss India,India,Medical Technology,2025-06,2308068.46,INR
MED-OPEX-003,Medical Technology - G&A,OpEx,Carl Zeiss India,India,Medical Technology,2025-06,1922852.22,INR
MED-OPEX-004,Medical Technology - Facilities & Rent,OpEx,Carl Zeiss India,India,Medical Technology,2025-06,1027537.87,INR
MED-OPEX-005,Medical Technology - IT & Software,OpEx,Carl Zeiss India,India,Medical Technology,2025-06,793718.65,INR
MED-REV-001,Medical Technology - Equipment & Product Revenue,Revenue,Carl Zeiss India,India,Medical Technology,2025-07,16788787.88,INR
MED-REV-002,Medical Technology - Service & AMC Revenue,Revenue,Carl Zeiss India,India,Medical Technology,2025-07,10322605.04,INR
MED-REV-003,Medical Technology - Training & Applications Revenue,Revenue,Carl Zeiss India,India,Medical Technology,2025-07,3860583.98,INR
MED-COGS-001,Medical Technology - Imported Components & Materials,COGS,Carl Zeiss India,India,Medical Technology,2025-07,10910743.71,INR
MED-COGS-002,Medical Technology - Installation & Service Labor,COGS,Carl Zeiss India,India,Medical Technology,2025-07,4856553.16,INR
MED-COGS-003,"Medical Technology - Freight, Customs & Logistics",COGS,Carl Zeiss India,India,Medical Technology,2025-07,2654546.69,INR
MED-OPEX-001,Medical Technology - Sales & Marketing,OpEx,Carl Zeiss India,India,Medical Technology,2025-07,3719875.73,INR
MED-OPEX-002,Medical Technology - Applications Engineering & R&D,OpEx,Carl Zeiss India,India,Medical Technology,2025-07,2366138.74,INR
MED-OPEX-003,Medical Technology - G&A,OpEx,Carl Zeiss India,India,Medical Technology,2025-07,815930.03,INR
MED-OPEX-004,Medical Technology - Facilities & Rent,OpEx,Carl Zeiss India,India,Medical Technology,2025-07,946805.26,INR
MED-OPEX-005,Medical Technology - IT & Software,OpEx,Carl Zeiss India,India,Medical Technology,2025-07,665621.65,INR
MED-REV-001,Medical Technology - Equipment & Product Revenue,Revenue,Carl Zeiss India,India,Medical Technology,2025-08,20861367.33,INR
MED-REV-002,Medical Technology - Service & AMC Revenue,Revenue,Carl Zeiss India,India,Medical Technology,2025-08,9750974.74,INR
MED-REV-003,Medical Technology - Training & Applications Revenue,Revenue,Carl Zeiss India,India,Medical Technology,2025-08,3969353.43,INR
MED-COGS-001,Medical Technology - Imported Components & Materials,COGS,Carl Zeiss India,India,Medical Technology,2025-08,10758443.67,INR
MED-COGS-002,Medical Technology - Installation & Service Labor,COGS,Carl Zeiss India,India,Medical Technology,2025-08,4487013.25,INR
MED-COGS-003,"Medical Technology - Freight, Customs & Logistics",COGS,Carl Zeiss India,India,Medical Technology,2025-08,1299715.28,INR
MED-OPEX-001,Medical Technology - Sales & Marketing,OpEx,Carl Zeiss India,India,Medical Technology,2025-08,3704565.28,INR
MED-OPEX-002,Medical Technology - Applications Engineering & R&D,OpEx,Carl Zeiss India,India,Medical Technology,2025-08,2325177.69,INR
MED-OPEX-003,Medical Technology - G&A,OpEx,Carl Zeiss India,India,Medical Technology,2025-08,1751850.51,INR
MED-OPEX-004,Medical Technology - Facilities & Rent,OpEx,Carl Zeiss India,India,Medical Technology,2025-08,981345.66,INR
MED-OPEX-005,Medical Technology - IT & Software,OpEx,Carl Zeiss India,India,Medical Technology,2025-08,671593.51,INR
MED-REV-001,Medical Technology - Equipment & Product Revenue,Revenue,Carl Zeiss India,India,Medical Technology,2025-09,22630996.79,INR
MED-REV-002,Medical Technology - Service & AMC Revenue,Revenue,Carl Zeiss India,India,Medical Technology,2025-09,10903105.66,INR
MED-REV-003,Medical Technology - Training & Applications Revenue,Revenue,Carl Zeiss India,India,Medical Technology,2025-09,4373395.74,INR
MED-COGS-001,Medical Technology - Imported Components & Materials,COGS,Carl Zeiss India,India,Medical Technology,2025-09,12572303.08,INR
MED-COGS-002,Medical Technology - Installation & Service Labor,COGS,Carl Zeiss India,India,Medical Technology,2025-09,4843900.63,INR
MED-COGS-003,"Medical Technology - Freight, Customs & Logistics",COGS,Carl Zeiss India,India,Medical Technology,2025-09,2996724.57,INR
MED-OPEX-001,Medical Technology - Sales & Marketing,OpEx,Carl Zeiss India,India,Medical Technology,2025-09,3994627.7,INR
MED-OPEX-002,Medical Technology - Applications Engineering & R&D,OpEx,Carl Zeiss India,India,Medical Technology,2025-09,2867336.3,INR
MED-OPEX-003,Medical Technology - G&A,OpEx,Carl Zeiss India,India,Medical Technology,2025-09,1738769.38,INR
MED-OPEX-004,Medical Technology - Facilities & Rent,OpEx,Carl Zeiss India,India,Medical Technology,2025-09,1103282.34,INR
MED-OPEX-005,Medical Technology - IT & Software,OpEx,Carl Zeiss India,India,Medical Technology,2025-09,686369.94,INR
MED-REV-001,Medical Technology - Equipment & Product Revenue,Revenue,Carl Zeiss India,India,Medical Technology,2025-10,23652835.67,INR
MED-REV-002,Medical Technology - Service & AMC Revenue,Revenue,Carl Zeiss India,India,Medical Technology,2025-10,10419906.69,INR
MED-REV-003,Medical Technology - Training & Applications Revenue,Revenue,Carl Zeiss India,India,Medical Technology,2025-10,4076136.57,INR
MED-COGS-001,Medical Technology - Imported Components & Materials,COGS,Carl Zeiss India,India,Medical Technology,2025-10,12283454.92,INR
MED-COGS-002,Medical Technology - Installation & Service Labor,COGS,Carl Zeiss India,India,Medical Technology,2025-10,5611948.56,INR
MED-COGS-003,"Medical Technology - Freight, Customs & Logistics",COGS,Carl Zeiss India,India,Medical Technology,2025-10,2825820.68,INR
MED-OPEX-001,Medical Technology - Sales & Marketing,OpEx,Carl Zeiss India,India,Medical Technology,2025-10,4531133.33,INR
MED-OPEX-002,Medical Technology - Applications Engineering & R&D,OpEx,Carl Zeiss India,India,Medical Technology,2025-10,2651957.41,INR
MED-OPEX-003,Medical Technology - G&A,OpEx,Carl Zeiss India,India,Medical Technology,2025-10,2081231.91,INR
MED-OPEX-004,Medical Technology - Facilities & Rent,OpEx,Carl Zeiss India,India,Medical Technology,2025-10,1060242.74,INR
MED-OPEX-005,Medical Technology - IT & Software,OpEx,Carl Zeiss India,India,Medical Technology,2025-10,679231.94,INR
MED-REV-001,Medical Technology - Equipment & Product Revenue,Revenue,Carl Zeiss India,India,Medical Technology,2025-11,23830071.21,INR
MED-REV-002,Medical Technology - Service & AMC Revenue,Revenue,Carl Zeiss India,India,Medical Technology,2025-11,10193414.75,INR
MED-REV-003,Medical Technology - Training & Applications Revenue,Revenue,Carl Zeiss India,India,Medical Technology,2025-11,4823915.97,INR
MED-COGS-001,Medical Technology - Imported Components & Materials,COGS,Carl Zeiss India,India,Medical Technology,2025-11,12763459.01,INR
MED-COGS-002,Medical Technology - Installation & Service Labor,COGS,Carl Zeiss India,India,Medical Technology,2025-11,5582555.26,INR
MED-COGS-003,"Medical Technology - Freight, Customs & Logistics",COGS,Carl Zeiss India,India,Medical Technology,2025-11,3142686.27,INR
MED-OPEX-001,Medical Technology - Sales & Marketing,OpEx,Carl Zeiss India,India,Medical Technology,2025-11,4085443.95,INR
MED-OPEX-002,Medical Technology - Applications Engineering & R&D,OpEx,Carl Zeiss India,India,Medical Technology,2025-11,2751330.31,INR
MED-OPEX-003,Medical Technology - G&A,OpEx,Carl Zeiss India,India,Medical Technology,2025-11,1819004.55,INR
MED-OPEX-004,Medical Technology - Facilities & Rent,OpEx,Carl Zeiss India,India,Medical Technology,2025-11,1080020.11,INR
MED-OPEX-005,Medical Technology - IT & Software,OpEx,Carl Zeiss India,India,Medical Technology,2025-11,819871.18,INR
MED-REV-001,Medical Technology - Equipment & Product Revenue,Revenue,Carl Zeiss India,India,Medical Technology,2025-12,24726802.73,INR
MED-REV-002,Medical Technology - Service & AMC Revenue,Revenue,Carl Zeiss India,India,Medical Technology,2025-12,10726372.17,INR
MED-REV-003,Medical Technology - Training & Applications Revenue,Revenue,Carl Zeiss India,India,Medical Technology,2025-12,4282002.77,INR
MED-COGS-001,Medical Technology - Imported Components & Materials,COGS,Carl Zeiss India,India,Medical Technology,2025-12,11941258.42,INR
MED-COGS-002,Medical Technology - Installation & Service Labor,COGS,Carl Zeiss India,India,Medical Technology,2025-12,5814833.51,INR
MED-COGS-003,"Medical Technology - Freight, Customs & Logistics",COGS,Carl Zeiss India,India,Medical Technology,2025-12,2836902.34,INR
MED-OPEX-001,Medical Technology - Sales & Marketing,OpEx,Carl Zeiss India,India,Medical Technology,2025-12,4196382.27,INR
MED-OPEX-002,Medical Technology - Applications Engineering & R&D,OpEx,Carl Zeiss India,India,Medical Technology,2025-12,2835449.46,INR
MED-OPEX-003,Medical Technology - G&A,OpEx,Carl Zeiss India,India,Medical Technology,2025-12,1729218.59,INR
MED-OPEX-004,Medical Technology - Facilities & Rent,OpEx,Carl Zeiss India,India,Medical Technology,2025-12,1177028.4,INR
MED-OPEX-005,Medical Technology - IT & Software,OpEx,Carl Zeiss India,India,Medical Technology,2025-12,779023.5,INR
MED-REV-001,Medical Technology - Equipment & Product Revenue,Revenue,Carl Zeiss India,India,Medical Technology,2026-01,25126493.92,INR
MED-REV-002,Medical Technology - Service & AMC Revenue,Revenue,Carl Zeiss India,India,Medical Technology,2026-01,10722886.61,INR
MED-REV-003,Medical Technology - Training & Applications Revenue,Revenue,Carl Zeiss India,India,Medical Technology,2026-01,5271108.0,INR
MED-COGS-001,Medical Technology - Imported Components & Materials,COGS,Carl Zeiss India,India,Medical Technology,2026-01,13974086.36,INR
MED-COGS-002,Medical Technology - Installation & Service Labor,COGS,Carl Zeiss India,India,Medical Technology,2026-01,5812962.65,INR
MED-COGS-003,"Medical Technology - Freight, Customs & Logistics",COGS,Carl Zeiss India,India,Medical Technology,2026-01,3301678.54,INR
MED-OPEX-001,Medical Technology - Sales & Marketing,OpEx,Carl Zeiss India,India,Medical Technology,2026-01,4708618.76,INR
MED-OPEX-002,Medical Technology - Applications Engineering & R&D,OpEx,Carl Zeiss India,India,Medical Technology,2026-01,2606459.03,INR
MED-OPEX-003,Medical Technology - G&A,OpEx,Carl Zeiss India,India,Medical Technology,2026-01,2065736.32,INR
MED-OPEX-004,Medical Technology - Facilities & Rent,OpEx,Carl Zeiss India,India,Medical Technology,2026-01,1318020.57,INR
MED-OPEX-005,Medical Technology - IT & Software,OpEx,Carl Zeiss India,India,Medical Technology,2026-01,863832.9,INR
MED-REV-001,Medical Technology - Equipment & Product Revenue,Revenue,Carl Zeiss India,India,Medical Technology,2026-02,25945832.49,INR
MED-REV-002,Medical Technology - Service & AMC Revenue,Revenue,Carl Zeiss India,India,Medical Technology,2026-02,12574979.75,INR
MED-REV-003,Medical Technology - Training & Applications Revenue,Revenue,Carl Zeiss India,India,Medical Technology,2026-02,5461203.66,INR
MED-COGS-001,Medical Technology - Imported Components & Materials,COGS,Carl Zeiss India,India,Medical Technology,2026-02,12615605.41,INR
MED-COGS-002,Medical Technology - Installation & Service Labor,COGS,Carl Zeiss India,India,Medical Technology,2026-02,6376891.45,INR
MED-COGS-003,"Medical Technology - Freight, Customs & Logistics",COGS,Carl Zeiss India,India,Medical Technology,2026-02,3406914.06,INR
MED-OPEX-001,Medical Technology - Sales & Marketing,OpEx,Carl Zeiss India,India,Medical Technology,2026-02,4794531.15,INR
MED-OPEX-002,Medical Technology - Applications Engineering & R&D,OpEx,Carl Zeiss India,India,Medical Technology,2026-02,2655245.21,INR
MED-OPEX-003,Medical Technology - G&A,OpEx,Carl Zeiss India,India,Medical Technology,2026-02,2137294.99,INR
MED-OPEX-004,Medical Technology - Facilities & Rent,OpEx,Carl Zeiss India,India,Medical Technology,2026-02,1324990.2,INR
MED-OPEX-005,Medical Technology - IT & Software,OpEx,Carl Zeiss India,India,Medical Technology,2026-02,858385.06,INR
MED-REV-001,Medical Technology - Equipment & Product Revenue,Revenue,Carl Zeiss India,India,Medical Technology,2026-03,30798991.54,INR
MED-REV-002,Medical Technology - Service & AMC Revenue,Revenue,Carl Zeiss India,India,Medical Technology,2026-03,12539778.95,INR
MED-REV-003,Medical Technology - Training & Applications Revenue,Revenue,Carl Zeiss India,India,Medical Technology,2026-03,6009646.39,INR
MED-COGS-001,Medical Technology - Imported Components & Materials,COGS,Carl Zeiss India,India,Medical Technology,2026-03,15123147.05,INR
MED-COGS-002,Medical Technology - Installation & Service Labor,COGS,Carl Zeiss India,India,Medical Technology,2026-03,6173983.5,INR
MED-COGS-003,"Medical Technology - Freight, Customs & Logistics",COGS,Carl Zeiss India,India,Medical Technology,2026-03,3867683.08,INR
MED-OPEX-001,Medical Technology - Sales & Marketing,OpEx,Carl Zeiss India,India,Medical Technology,2026-03,5404517.76,INR
MED-OPEX-002,Medical Technology - Applications Engineering & R&D,OpEx,Carl Zeiss India,India,Medical Technology,2026-03,3279333.41,INR
MED-OPEX-003,Medical Technology - G&A,OpEx,Carl Zeiss India,India,Medical Technology,2026-03,2237008.5,INR
MED-OPEX-004,Medical Technology - Facilities & Rent,OpEx,Carl Zeiss India,India,Medical Technology,2026-03,1319067.98,INR
MED-OPEX-005,Medical Technology - IT & Software,OpEx,Carl Zeiss India,India,Medical Technology,2026-03,993951.54,INR
MED-REV-001,Medical Technology - Equipment & Product Revenue,Revenue,Carl Zeiss India,India,Medical Technology,2026-04,19662654.2,INR
MED-REV-002,Medical Technology - Service & AMC Revenue,Revenue,Carl Zeiss India,India,Medical Technology,2026-04,10021226.41,INR
MED-REV-003,Medical Technology - Training & Applications Revenue,Revenue,Carl Zeiss India,India,Medical Technology,2026-04,4241311.51,INR
MED-COGS-001,Medical Technology - Imported Components & Materials,COGS,Carl Zeiss India,India,Medical Technology,2026-04,10908226.54,INR
MED-COGS-002,Medical Technology - Installation & Service Labor,COGS,Carl Zeiss India,India,Medical Technology,2026-04,4370571.25,INR
MED-COGS-003,"Medical Technology - Freight, Customs & Logistics",COGS,Carl Zeiss India,India,Medical Technology,2026-04,2856555.81,INR
MED-OPEX-001,Medical Technology - Sales & Marketing,OpEx,Carl Zeiss India,India,Medical Technology,2026-04,3872947.25,INR
MED-OPEX-002,Medical Technology - Applications Engineering & R&D,OpEx,Carl Zeiss India,India,Medical Technology,2026-04,2131155.37,INR
MED-OPEX-003,Medical Technology - G&A,OpEx,Carl Zeiss India,India,Medical Technology,2026-04,1684795.52,INR
MED-OPEX-004,Medical Technology - Facilities & Rent,OpEx,Carl Zeiss India,India,Medical Technology,2026-04,1088987.44,INR
MED-OPEX-005,Medical Technology - IT & Software,OpEx,Carl Zeiss India,India,Medical Technology,2026-04,678502.51,INR
MED-REV-001,Medical Technology - Equipment & Product Revenue,Revenue,Carl Zeiss India,India,Medical Technology,2026-05,24745430.77,INR
MED-REV-002,Medical Technology - Service & AMC Revenue,Revenue,Carl Zeiss India,India,Medical Technology,2026-05,10853623.46,INR
MED-REV-003,Medical Technology - Training & Applications Revenue,Revenue,Carl Zeiss India,India,Medical Technology,2026-05,4704090.98,INR
MED-COGS-001,Medical Technology - Imported Components & Materials,COGS,Carl Zeiss India,India,Medical Technology,2026-05,11541336.25,INR
MED-COGS-002,Medical Technology - Installation & Service Labor,COGS,Carl Zeiss India,India,Medical Technology,2026-05,5302803.92,INR
MED-COGS-003,"Medical Technology - Freight, Customs & Logistics",COGS,Carl Zeiss India,India,Medical Technology,2026-05,3153849.42,INR
MED-OPEX-001,Medical Technology - Sales & Marketing,OpEx,Carl Zeiss India,India,Medical Technology,2026-05,4227520.29,INR
MED-OPEX-002,Medical Technology - Applications Engineering & R&D,OpEx,Carl Zeiss India,India,Medical Technology,2026-05,3969175.99,INR
MED-OPEX-003,Medical Technology - G&A,OpEx,Carl Zeiss India,India,Medical Technology,2026-05,1975796.82,INR
MED-OPEX-004,Medical Technology - Facilities & Rent,OpEx,Carl Zeiss India,India,Medical Technology,2026-05,1197078.6,INR
MED-OPEX-005,Medical Technology - IT & Software,OpEx,Carl Zeiss India,India,Medical Technology,2026-05,737900.39,INR
MED-REV-001,Medical Technology - Equipment & Product Revenue,Revenue,Carl Zeiss India,India,Medical Technology,2026-06,21740896.76,INR
MED-REV-002,Medical Technology - Service & AMC Revenue,Revenue,Carl Zeiss India,India,Medical Technology,2026-06,10969178.91,INR
MED-REV-003,Medical Technology - Training & Applications Revenue,Revenue,Carl Zeiss India,India,Medical Technology,2026-06,4235104.09,INR
MED-COGS-001,Medical Technology - Imported Components & Materials,COGS,Carl Zeiss India,India,Medical Technology,2026-06,11609659.6,INR
MED-COGS-002,Medical Technology - Installation & Service Labor,COGS,Carl Zeiss India,India,Medical Technology,2026-06,5892560.93,INR
MED-COGS-003,"Medical Technology - Freight, Customs & Logistics",COGS,Carl Zeiss India,India,Medical Technology,2026-06,3244532.1,INR
MED-OPEX-001,Medical Technology - Sales & Marketing,OpEx,Carl Zeiss India,India,Medical Technology,2026-06,4215194.99,INR
MED-OPEX-002,Medical Technology - Applications Engineering & R&D,OpEx,Carl Zeiss India,India,Medical Technology,2026-06,2589824.11,INR
MED-OPEX-003,Medical Technology - G&A,OpEx,Carl Zeiss India,India,Medical Technology,2026-06,1933142.8,INR
MED-OPEX-004,Medical Technology - Facilities & Rent,OpEx,Carl Zeiss India,India,Medical Technology,2026-06,1156291.47,INR
MED-OPEX-005,Medical Technology - IT & Software,OpEx,Carl Zeiss India,India,Medical Technology,2026-06,767038.41,INR
MED-REV-001,Medical Technology - Equipment & Product Revenue,Revenue,Carl Zeiss India,India,Medical Technology,2026-07,20329615.8,INR
MED-REV-002,Medical Technology - Service & AMC Revenue,Revenue,Carl Zeiss India,India,Medical Technology,2026-07,10129570.42,INR
MED-REV-003,Medical Technology - Training & Applications Revenue,Revenue,Carl Zeiss India,India,Medical Technology,2026-07,4302470.65,INR
MED-COGS-001,Medical Technology - Imported Components & Materials,COGS,Carl Zeiss India,India,Medical Technology,2026-07,11511750.99,INR
MED-COGS-002,Medical Technology - Installation & Service Labor,COGS,Carl Zeiss India,India,Medical Technology,2026-07,4937424.02,INR
MED-COGS-003,"Medical Technology - Freight, Customs & Logistics",COGS,Carl Zeiss India,India,Medical Technology,2026-07,2565487.93,INR
MED-OPEX-001,Medical Technology - Sales & Marketing,OpEx,Carl Zeiss India,India,Medical Technology,2026-07,4182620.3,INR
MED-OPEX-002,Medical Technology - Applications Engineering & R&D,OpEx,Carl Zeiss India,India,Medical Technology,2026-07,2611612.65,INR
MED-OPEX-003,Medical Technology - G&A,OpEx,Carl Zeiss India,India,Medical Technology,2026-07,1727935.28,INR
MED-OPEX-004,Medical Technology - Facilities & Rent,OpEx,Carl Zeiss India,India,Medical Technology,2026-07,1241960.93,INR
MED-OPEX-005,Medical Technology - IT & Software,OpEx,Carl Zeiss India,India,Medical Technology,2026-07,663732.97,INR
MED-REV-001,Medical Technology - Equipment & Product Revenue,Revenue,Carl Zeiss India,India,Medical Technology,2026-08,20766727.92,INR
MED-REV-002,Medical Technology - Service & AMC Revenue,Revenue,Carl Zeiss India,India,Medical Technology,2026-08,10093592.53,INR
MED-REV-003,Medical Technology - Training & Applications Revenue,Revenue,Carl Zeiss India,India,Medical Technology,2026-08,4658103.5,INR
MED-COGS-001,Medical Technology - Imported Components & Materials,COGS,Carl Zeiss India,India,Medical Technology,2026-08,10593311.86,INR
MED-COGS-002,Medical Technology - Installation & Service Labor,COGS,Carl Zeiss India,India,Medical Technology,2026-08,5568638.77,INR
MED-COGS-003,"Medical Technology - Freight, Customs & Logistics",COGS,Carl Zeiss India,India,Medical Technology,2026-08,3313449.53,INR
MED-OPEX-001,Medical Technology - Sales & Marketing,OpEx,Carl Zeiss India,India,Medical Technology,2026-08,4300327.61,INR
MED-OPEX-002,Medical Technology - Applications Engineering & R&D,OpEx,Carl Zeiss India,India,Medical Technology,2026-08,3011099.15,INR
MED-OPEX-003,Medical Technology - G&A,OpEx,Carl Zeiss India,India,Medical Technology,2026-08,1886718.45,INR
MED-OPEX-004,Medical Technology - Facilities & Rent,OpEx,Carl Zeiss India,India,Medical Technology,2026-08,1113066.77,INR
MED-OPEX-005,Medical Technology - IT & Software,OpEx,Carl Zeiss India,India,Medical Technology,2026-08,1107041.7,INR
VIS-REV-001,Vision Care - Equipment & Product Revenue,Revenue,Carl Zeiss India,India,Vision Care,2023-09,11571770.71,INR
VIS-REV-002,Vision Care - Service & AMC Revenue,Revenue,Carl Zeiss India,India,Vision Care,2023-09,5353669.32,INR
VIS-REV-003,Vision Care - Training & Applications Revenue,Revenue,Carl Zeiss India,India,Vision Care,2023-09,2369291.02,INR
VIS-COGS-001,Vision Care - Imported Components & Materials,COGS,Carl Zeiss India,India,Vision Care,2023-09,6300653.98,INR
VIS-COGS-002,Vision Care - Installation & Service Labor,COGS,Carl Zeiss India,India,Vision Care,2023-09,3008986.25,INR
VIS-COGS-003,"Vision Care - Freight, Customs & Logistics",COGS,Carl Zeiss India,India,Vision Care,2023-09,1647057.53,INR
VIS-OPEX-001,Vision Care - Sales & Marketing,OpEx,Carl Zeiss India,India,Vision Care,2023-09,2357489.42,INR
VIS-OPEX-002,Vision Care - Applications Engineering & R&D,OpEx,Carl Zeiss India,India,Vision Care,2023-09,1364325.94,INR
VIS-OPEX-003,Vision Care - G&A,OpEx,Carl Zeiss India,India,Vision Care,2023-09,939746.15,INR
VIS-OPEX-004,Vision Care - Facilities & Rent,OpEx,Carl Zeiss India,India,Vision Care,2023-09,593440.13,INR
VIS-OPEX-005,Vision Care - IT & Software,OpEx,Carl Zeiss India,India,Vision Care,2023-09,375654.69,INR
VIS-REV-001,Vision Care - Equipment & Product Revenue,Revenue,Carl Zeiss India,India,Vision Care,2023-10,14725220.61,INR
VIS-REV-002,Vision Care - Service & AMC Revenue,Revenue,Carl Zeiss India,India,Vision Care,2023-10,6880440.48,INR
VIS-REV-003,Vision Care - Training & Applications Revenue,Revenue,Carl Zeiss India,India,Vision Care,2023-10,2891439.57,INR
VIS-COGS-001,Vision Care - Imported Components & Materials,COGS,Carl Zeiss India,India,Vision Care,2023-10,7690992.93,INR
VIS-COGS-002,Vision Care - Installation & Service Labor,COGS,Carl Zeiss India,India,Vision Care,2023-10,2930944.64,INR
VIS-COGS-003,"Vision Care - Freight, Customs & Logistics",COGS,Carl Zeiss India,India,Vision Care,2023-10,1774882.52,INR
VIS-OPEX-001,Vision Care - Sales & Marketing,OpEx,Carl Zeiss India,India,Vision Care,2023-10,2513179.2,INR
VIS-OPEX-002,Vision Care - Applications Engineering & R&D,OpEx,Carl Zeiss India,India,Vision Care,2023-10,1530670.26,INR
VIS-OPEX-003,Vision Care - G&A,OpEx,Carl Zeiss India,India,Vision Care,2023-10,1162894.78,INR
VIS-OPEX-004,Vision Care - Facilities & Rent,OpEx,Carl Zeiss India,India,Vision Care,2023-10,705293.78,INR
VIS-OPEX-005,Vision Care - IT & Software,OpEx,Carl Zeiss India,India,Vision Care,2023-10,442373.15,INR
VIS-REV-001,Vision Care - Equipment & Product Revenue,Revenue,Carl Zeiss India,India,Vision Care,2023-11,14000060.01,INR
VIS-REV-002,Vision Care - Service & AMC Revenue,Revenue,Carl Zeiss India,India,Vision Care,2023-11,7559806.27,INR
VIS-REV-003,Vision Care - Training & Applications Revenue,Revenue,Carl Zeiss India,India,Vision Care,2023-11,2757354.36,INR
VIS-COGS-001,Vision Care - Imported Components & Materials,COGS,Carl Zeiss India,India,Vision Care,2023-11,7841074.61,INR
VIS-COGS-002,Vision Care - Installation & Service Labor,COGS,Carl Zeiss India,India,Vision Care,2023-11,3296780.66,INR
VIS-COGS-003,"Vision Care - Freight, Customs & Logistics",COGS,Carl Zeiss India,India,Vision Care,2023-11,1837450.01,INR
VIS-OPEX-001,Vision Care - Sales & Marketing,OpEx,Carl Zeiss India,India,Vision Care,2023-11,2818746.49,INR
VIS-OPEX-002,Vision Care - Applications Engineering & R&D,OpEx,Carl Zeiss India,India,Vision Care,2023-11,1622100.28,INR
VIS-OPEX-003,Vision Care - G&A,OpEx,Carl Zeiss India,India,Vision Care,2023-11,1239840.14,INR
VIS-OPEX-004,Vision Care - Facilities & Rent,OpEx,Carl Zeiss India,India,Vision Care,2023-11,646820.16,INR
VIS-OPEX-005,Vision Care - IT & Software,OpEx,Carl Zeiss India,India,Vision Care,2023-11,421218.37,INR
VIS-REV-001,Vision Care - Equipment & Product Revenue,Revenue,Carl Zeiss India,India,Vision Care,2023-12,11521596.16,INR
VIS-REV-002,Vision Care - Service & AMC Revenue,Revenue,Carl Zeiss India,India,Vision Care,2023-12,6345790.04,INR
VIS-REV-003,Vision Care - Training & Applications Revenue,Revenue,Carl Zeiss India,India,Vision Care,2023-12,2580009.14,INR
VIS-COGS-001,Vision Care - Imported Components & Materials,COGS,Carl Zeiss India,India,Vision Care,2023-12,6690324.66,INR
VIS-COGS-002,Vision Care - Installation & Service Labor,COGS,Carl Zeiss India,India,Vision Care,2023-12,2726065.66,INR
VIS-COGS-003,"Vision Care - Freight, Customs & Logistics",COGS,Carl Zeiss India,India,Vision Care,2023-12,1614646.02,INR
VIS-OPEX-001,Vision Care - Sales & Marketing,OpEx,Carl Zeiss India,India,Vision Care,2023-12,2114875.68,INR
VIS-OPEX-002,Vision Care - Applications Engineering & R&D,OpEx,Carl Zeiss India,India,Vision Care,2023-12,1481275.89,INR
VIS-OPEX-003,Vision Care - G&A,OpEx,Carl Zeiss India,India,Vision Care,2023-12,1142430.71,INR
VIS-OPEX-004,Vision Care - Facilities & Rent,OpEx,Carl Zeiss India,India,Vision Care,2023-12,622714.65,INR
VIS-OPEX-005,Vision Care - IT & Software,OpEx,Carl Zeiss India,India,Vision Care,2023-12,387682.07,INR
VIS-REV-001,Vision Care - Equipment & Product Revenue,Revenue,Carl Zeiss India,India,Vision Care,2024-01,14434511.64,INR
VIS-REV-002,Vision Care - Service & AMC Revenue,Revenue,Carl Zeiss India,India,Vision Care,2024-01,5890397.93,INR
VIS-REV-003,Vision Care - Training & Applications Revenue,Revenue,Carl Zeiss India,India,Vision Care,2024-01,2568388.86,INR
VIS-COGS-001,Vision Care - Imported Components & Materials,COGS,Carl Zeiss India,India,Vision Care,2024-01,7037631.94,INR
VIS-COGS-002,Vision Care - Installation & Service Labor,COGS,Carl Zeiss India,India,Vision Care,2024-01,3484999.68,INR
VIS-COGS-003,"Vision Care - Freight, Customs & Logistics",COGS,Carl Zeiss India,India,Vision Care,2024-01,1621305.02,INR
VIS-OPEX-001,Vision Care - Sales & Marketing,OpEx,Carl Zeiss India,India,Vision Care,2024-01,2805361.93,INR
VIS-OPEX-002,Vision Care - Applications Engineering & R&D,OpEx,Carl Zeiss India,India,Vision Care,2024-01,1778471.32,INR
VIS-OPEX-003,Vision Care - G&A,OpEx,Carl Zeiss India,India,Vision Care,2024-01,1098062.07,INR
VIS-OPEX-004,Vision Care - Facilities & Rent,OpEx,Carl Zeiss India,India,Vision Care,2024-01,619121.24,INR
VIS-OPEX-005,Vision Care - IT & Software,OpEx,Carl Zeiss India,India,Vision Care,2024-01,468619.29,INR
VIS-REV-001,Vision Care - Equipment & Product Revenue,Revenue,Carl Zeiss India,India,Vision Care,2024-02,14749495.75,INR
VIS-REV-002,Vision Care - Service & AMC Revenue,Revenue,Carl Zeiss India,India,Vision Care,2024-02,6538354.76,INR
VIS-REV-003,Vision Care - Training & Applications Revenue,Revenue,Carl Zeiss India,India,Vision Care,2024-02,2938381.21,INR
VIS-COGS-001,Vision Care - Imported Components & Materials,COGS,Carl Zeiss India,India,Vision Care,2024-02,8223397.96,INR
VIS-COGS-002,Vision Care - Installation & Service Labor,COGS,Carl Zeiss India,India,Vision Care,2024-02,2922360.48,INR
VIS-COGS-003,"Vision Care - Freight, Customs & Logistics",COGS,Carl Zeiss India,India,Vision Care,2024-02,2009075.81,INR
VIS-OPEX-001,Vision Care - Sales & Marketing,OpEx,Carl Zeiss India,India,Vision Care,2024-02,2611028.32,INR
VIS-OPEX-002,Vision Care - Applications Engineering & R&D,OpEx,Carl Zeiss India,India,Vision Care,2024-02,1713124.31,INR
VIS-OPEX-003,Vision Care - G&A,OpEx,Carl Zeiss India,India,Vision Care,2024-02,1227020.05,INR
VIS-OPEX-004,Vision Care - Facilities & Rent,OpEx,Carl Zeiss India,India,Vision Care,2024-02,723909.13,INR
VIS-OPEX-005,Vision Care - IT & Software,OpEx,Carl Zeiss India,India,Vision Care,2024-02,440292.62,INR
VIS-REV-001,Vision Care - Equipment & Product Revenue,Revenue,Carl Zeiss India,India,Vision Care,2024-03,17053380.64,INR
VIS-REV-002,Vision Care - Service & AMC Revenue,Revenue,Carl Zeiss India,India,Vision Care,2024-03,6980607.48,INR
VIS-REV-003,Vision Care - Training & Applications Revenue,Revenue,Carl Zeiss India,India,Vision Care,2024-03,3083340.41,INR
VIS-COGS-001,Vision Care - Imported Components & Materials,COGS,Carl Zeiss India,India,Vision Care,2024-03,8170924.5,INR
VIS-COGS-002,Vision Care - Installation & Service Labor,COGS,Carl Zeiss India,India,Vision Care,2024-03,3744023.6,INR
VIS-COGS-003,"Vision Care - Freight, Customs & Logistics",COGS,Carl Zeiss India,India,Vision Care,2024-03,2143412.52,INR
VIS-OPEX-001,Vision Care - Sales & Marketing,OpEx,Carl Zeiss India,India,Vision Care,2024-03,2685334.2,INR
VIS-OPEX-002,Vision Care - Applications Engineering & R&D,OpEx,Carl Zeiss India,India,Vision Care,2024-03,1924734.14,INR
VIS-OPEX-003,Vision Care - G&A,OpEx,Carl Zeiss India,India,Vision Care,2024-03,1196164.75,INR
VIS-OPEX-004,Vision Care - Facilities & Rent,OpEx,Carl Zeiss India,India,Vision Care,2024-03,790026.61,INR
VIS-OPEX-005,Vision Care - IT & Software,OpEx,Carl Zeiss India,India,Vision Care,2024-03,541525.04,INR
VIS-REV-001,Vision Care - Equipment & Product Revenue,Revenue,Carl Zeiss India,India,Vision Care,2024-04,11686432.72,INR
VIS-REV-002,Vision Care - Service & AMC Revenue,Revenue,Carl Zeiss India,India,Vision Care,2024-04,5387123.17,INR
VIS-REV-003,Vision Care - Training & Applications Revenue,Revenue,Carl Zeiss India,India,Vision Care,2024-04,2150260.86,INR
VIS-COGS-001,Vision Care - Imported Components & Materials,COGS,Carl Zeiss India,India,Vision Care,2024-04,5927801.21,INR
VIS-COGS-002,Vision Care - Installation & Service Labor,COGS,Carl Zeiss India,India,Vision Care,2024-04,2842709.67,INR
VIS-COGS-003,"Vision Care - Freight, Customs & Logistics",COGS,Carl Zeiss India,India,Vision Care,2024-04,1519142.49,INR
VIS-OPEX-001,Vision Care - Sales & Marketing,OpEx,Carl Zeiss India,India,Vision Care,2024-04,2041360.99,INR
VIS-OPEX-002,Vision Care - Applications Engineering & R&D,OpEx,Carl Zeiss India,India,Vision Care,2024-04,1351164.54,INR
VIS-OPEX-003,Vision Care - G&A,OpEx,Carl Zeiss India,India,Vision Care,2024-04,925804.2,INR
VIS-OPEX-004,Vision Care - Facilities & Rent,OpEx,Carl Zeiss India,India,Vision Care,2024-04,572240.95,INR
VIS-OPEX-005,Vision Care - IT & Software,OpEx,Carl Zeiss India,India,Vision Care,2024-04,325659.6,INR
VIS-REV-001,Vision Care - Equipment & Product Revenue,Revenue,Carl Zeiss India,India,Vision Care,2024-05,13453500.07,INR
VIS-REV-002,Vision Care - Service & AMC Revenue,Revenue,Carl Zeiss India,India,Vision Care,2024-05,5804489.15,INR
VIS-REV-003,Vision Care - Training & Applications Revenue,Revenue,Carl Zeiss India,India,Vision Care,2024-05,2631453.43,INR
VIS-COGS-001,Vision Care - Imported Components & Materials,COGS,Carl Zeiss India,India,Vision Care,2024-05,6687240.72,INR
VIS-COGS-002,Vision Care - Installation & Service Labor,COGS,Carl Zeiss India,India,Vision Care,2024-05,3120633.33,INR
VIS-COGS-003,"Vision Care - Freight, Customs & Logistics",COGS,Carl Zeiss India,India,Vision Care,2024-05,1797205.01,INR
VIS-OPEX-001,Vision Care - Sales & Marketing,OpEx,Carl Zeiss India,India,Vision Care,2024-05,2246104.91,INR
VIS-OPEX-002,Vision Care - Applications Engineering & R&D,OpEx,Carl Zeiss India,India,Vision Care,2024-05,1447066.12,INR
VIS-OPEX-003,Vision Care - G&A,OpEx,Carl Zeiss India,India,Vision Care,2024-05,922243.36,INR
VIS-OPEX-004,Vision Care - Facilities & Rent,OpEx,Carl Zeiss India,India,Vision Care,2024-05,659908.71,INR
VIS-OPEX-005,Vision Care - IT & Software,OpEx,Carl Zeiss India,India,Vision Care,2024-05,424975.13,INR
VIS-REV-001,Vision Care - Equipment & Product Revenue,Revenue,Carl Zeiss India,India,Vision Care,2024-06,12134849.24,INR
VIS-REV-002,Vision Care - Service & AMC Revenue,Revenue,Carl Zeiss India,India,Vision Care,2024-06,6789500.35,INR
VIS-REV-003,Vision Care - Training & Applications Revenue,Revenue,Carl Zeiss India,India,Vision Care,2024-06,2592434.31,INR
VIS-COGS-001,Vision Care - Imported Components & Materials,COGS,Carl Zeiss India,India,Vision Care,2024-06,7085011.71,INR
VIS-COGS-002,Vision Care - Installation & Service Labor,COGS,Carl Zeiss India,India,Vision Care,2024-06,3040534.95,INR
VIS-COGS-003,"Vision Care - Freight, Customs & Logistics",COGS,Carl Zeiss India,India,Vision Care,2024-06,1761320.17,INR
VIS-OPEX-001,Vision Care - Sales & Marketing,OpEx,Carl Zeiss India,India,Vision Care,2024-06,2652655.34,INR
VIS-OPEX-002,Vision Care - Applications Engineering & R&D,OpEx,Carl Zeiss India,India,Vision Care,2024-06,1667802.29,INR
VIS-OPEX-003,Vision Care - G&A,OpEx,Carl Zeiss India,India,Vision Care,2024-06,999321.43,INR
VIS-OPEX-004,Vision Care - Facilities & Rent,OpEx,Carl Zeiss India,India,Vision Care,2024-06,655478.29,INR
VIS-OPEX-005,Vision Care - IT & Software,OpEx,Carl Zeiss India,India,Vision Care,2024-06,422333.71,INR
VIS-REV-001,Vision Care - Equipment & Product Revenue,Revenue,Carl Zeiss India,India,Vision Care,2024-07,11783657.51,INR
VIS-REV-002,Vision Care - Service & AMC Revenue,Revenue,Carl Zeiss India,India,Vision Care,2024-07,5203757.49,INR
VIS-REV-003,Vision Care - Training & Applications Revenue,Revenue,Carl Zeiss India,India,Vision Care,2024-07,2416271.74,INR
VIS-COGS-001,Vision Care - Imported Components & Materials,COGS,Carl Zeiss India,India,Vision Care,2024-07,5899764.18,INR
VIS-COGS-002,Vision Care - Installation & Service Labor,COGS,Carl Zeiss India,India,Vision Care,2024-07,2606783.45,INR
VIS-COGS-003,"Vision Care - Freight, Customs & Logistics",COGS,Carl Zeiss India,India,Vision Care,2024-07,1628131.6,INR
VIS-OPEX-001,Vision Care - Sales & Marketing,OpEx,Carl Zeiss India,India,Vision Care,2024-07,2575925.73,INR
VIS-OPEX-002,Vision Care - Applications Engineering & R&D,OpEx,Carl Zeiss India,India,Vision Care,2024-07,1382908.08,INR
VIS-OPEX-003,Vision Care - G&A,OpEx,Carl Zeiss India,India,Vision Care,2024-07,1078253.23,INR
VIS-OPEX-004,Vision Care - Facilities & Rent,OpEx,Carl Zeiss India,India,Vision Care,2024-07,649338.76,INR
VIS-OPEX-005,Vision Care - IT & Software,OpEx,Carl Zeiss India,India,Vision Care,2024-07,396239.62,INR
VIS-REV-001,Vision Care - Equipment & Product Revenue,Revenue,Carl Zeiss India,India,Vision Care,2024-08,11722800.41,INR
VIS-REV-002,Vision Care - Service & AMC Revenue,Revenue,Carl Zeiss India,India,Vision Care,2024-08,6083568.01,INR
VIS-REV-003,Vision Care - Training & Applications Revenue,Revenue,Carl Zeiss India,India,Vision Care,2024-08,2572614.92,INR
VIS-COGS-001,Vision Care - Imported Components & Materials,COGS,Carl Zeiss India,India,Vision Care,2024-08,7132680.64,INR
VIS-COGS-002,Vision Care - Installation & Service Labor,COGS,Carl Zeiss India,India,Vision Care,2024-08,2892965.61,INR
VIS-COGS-003,"Vision Care - Freight, Customs & Logistics",COGS,Carl Zeiss India,India,Vision Care,2024-08,1531718.41,INR
VIS-OPEX-001,Vision Care - Sales & Marketing,OpEx,Carl Zeiss India,India,Vision Care,2024-08,2265589.49,INR
VIS-OPEX-002,Vision Care - Applications Engineering & R&D,OpEx,Carl Zeiss India,India,Vision Care,2024-08,1414799.18,INR
VIS-OPEX-003,Vision Care - G&A,OpEx,Carl Zeiss India,India,Vision Care,2024-08,1009234.38,INR
VIS-OPEX-004,Vision Care - Facilities & Rent,OpEx,Carl Zeiss India,India,Vision Care,2024-08,595990.84,INR
VIS-OPEX-005,Vision Care - IT & Software,OpEx,Carl Zeiss India,India,Vision Care,2024-08,443862.45,INR
VIS-REV-001,Vision Care - Equipment & Product Revenue,Revenue,Carl Zeiss India,India,Vision Care,2024-09,11658146.27,INR
VIS-REV-002,Vision Care - Service & AMC Revenue,Revenue,Carl Zeiss India,India,Vision Care,2024-09,6433231.62,INR
VIS-REV-003,Vision Care - Training & Applications Revenue,Revenue,Carl Zeiss India,India,Vision Care,2024-09,3060412.81,INR
VIS-COGS-001,Vision Care - Imported Components & Materials,COGS,Carl Zeiss India,India,Vision Care,2024-09,7530820.71,INR
VIS-COGS-002,Vision Care - Installation & Service Labor,COGS,Carl Zeiss India,India,Vision Care,2024-09,3164721.61,INR
VIS-COGS-003,"Vision Care - Freight, Customs & Logistics",COGS,Carl Zeiss India,India,Vision Care,2024-09,1900867.86,INR
VIS-OPEX-001,Vision Care - Sales & Marketing,OpEx,Carl Zeiss India,India,Vision Care,2024-09,2548355.37,INR
VIS-OPEX-002,Vision Care - Applications Engineering & R&D,OpEx,Carl Zeiss India,India,Vision Care,2024-09,1563780.4,INR
VIS-OPEX-003,Vision Care - G&A,OpEx,Carl Zeiss India,India,Vision Care,2024-09,1160330.82,INR
VIS-OPEX-004,Vision Care - Facilities & Rent,OpEx,Carl Zeiss India,India,Vision Care,2024-09,618244.46,INR
VIS-OPEX-005,Vision Care - IT & Software,OpEx,Carl Zeiss India,India,Vision Care,2024-09,439687.55,INR
VIS-REV-001,Vision Care - Equipment & Product Revenue,Revenue,Carl Zeiss India,India,Vision Care,2024-10,17452905.23,INR
VIS-REV-002,Vision Care - Service & AMC Revenue,Revenue,Carl Zeiss India,India,Vision Care,2024-10,7350844.75,INR
VIS-REV-003,Vision Care - Training & Applications Revenue,Revenue,Carl Zeiss India,India,Vision Care,2024-10,3177309.34,INR
VIS-COGS-001,Vision Care - Imported Components & Materials,COGS,Carl Zeiss India,India,Vision Care,2024-10,8668601.0,INR
VIS-COGS-002,Vision Care - Installation & Service Labor,COGS,Carl Zeiss India,India,Vision Care,2024-10,3742576.5,INR
VIS-COGS-003,"Vision Care - Freight, Customs & Logistics",COGS,Carl Zeiss India,India,Vision Care,2024-10,2112225.07,INR
VIS-OPEX-001,Vision Care - Sales & Marketing,OpEx,Carl Zeiss India,India,Vision Care,2024-10,3020557.03,INR
VIS-OPEX-002,Vision Care - Applications Engineering & R&D,OpEx,Carl Zeiss India,India,Vision Care,2024-10,1925601.95,INR
VIS-OPEX-003,Vision Care - G&A,OpEx,Carl Zeiss India,India,Vision Care,2024-10,1250864.26,INR
VIS-OPEX-004,Vision Care - Facilities & Rent,OpEx,Carl Zeiss India,India,Vision Care,2024-10,716111.7,INR
VIS-OPEX-005,Vision Care - IT & Software,OpEx,Carl Zeiss India,India,Vision Care,2024-10,513718.28,INR
VIS-REV-001,Vision Care - Equipment & Product Revenue,Revenue,Carl Zeiss India,India,Vision Care,2024-11,15081767.86,INR
VIS-REV-002,Vision Care - Service & AMC Revenue,Revenue,Carl Zeiss India,India,Vision Care,2024-11,7192385.03,INR
VIS-REV-003,Vision Care - Training & Applications Revenue,Revenue,Carl Zeiss India,India,Vision Care,2024-11,2906280.68,INR
VIS-COGS-001,Vision Care - Imported Components & Materials,COGS,Carl Zeiss India,India,Vision Care,2024-11,9599464.52,INR
VIS-COGS-002,Vision Care - Installation & Service Labor,COGS,Carl Zeiss India,India,Vision Care,2024-11,3735982.37,INR
VIS-COGS-003,"Vision Care - Freight, Customs & Logistics",COGS,Carl Zeiss India,India,Vision Care,2024-11,2079917.64,INR
VIS-OPEX-001,Vision Care - Sales & Marketing,OpEx,Carl Zeiss India,India,Vision Care,2024-11,2931233.67,INR
VIS-OPEX-002,Vision Care - Applications Engineering & R&D,OpEx,Carl Zeiss India,India,Vision Care,2024-11,1983674.14,INR
VIS-OPEX-003,Vision Care - G&A,OpEx,Carl Zeiss India,India,Vision Care,2024-11,1228407.01,INR
VIS-OPEX-004,Vision Care - Facilities & Rent,OpEx,Carl Zeiss India,India,Vision Care,2024-11,765954.56,INR
VIS-OPEX-005,Vision Care - IT & Software,OpEx,Carl Zeiss India,India,Vision Care,2024-11,501654.61,INR
VIS-REV-001,Vision Care - Equipment & Product Revenue,Revenue,Carl Zeiss India,India,Vision Care,2024-12,14291811.76,INR
VIS-REV-002,Vision Care - Service & AMC Revenue,Revenue,Carl Zeiss India,India,Vision Care,2024-12,6956601.17,INR
VIS-REV-003,Vision Care - Training & Applications Revenue,Revenue,Carl Zeiss India,India,Vision Care,2024-12,2551421.16,INR
VIS-COGS-001,Vision Care - Imported Components & Materials,COGS,Carl Zeiss India,India,Vision Care,2024-12,7267119.81,INR
VIS-COGS-002,Vision Care - Installation & Service Labor,COGS,Carl Zeiss India,India,Vision Care,2024-12,3200319.7,INR
VIS-COGS-003,"Vision Care - Freight, Customs & Logistics",COGS,Carl Zeiss India,India,Vision Care,2024-12,1800984.11,INR
VIS-OPEX-001,Vision Care - Sales & Marketing,OpEx,Carl Zeiss India,India,Vision Care,2024-12,2559565.23,INR
VIS-OPEX-002,Vision Care - Applications Engineering & R&D,OpEx,Carl Zeiss India,India,Vision Care,2024-12,1660352.33,INR
VIS-OPEX-003,Vision Care - G&A,OpEx,Carl Zeiss India,India,Vision Care,2024-12,1193916.09,INR
VIS-OPEX-004,Vision Care - Facilities & Rent,OpEx,Carl Zeiss India,India,Vision Care,2024-12,609249.71,INR
VIS-OPEX-005,Vision Care - IT & Software,OpEx,Carl Zeiss India,India,Vision Care,2024-12,475882.41,INR
VIS-REV-001,Vision Care - Equipment & Product Revenue,Revenue,Carl Zeiss India,India,Vision Care,2025-01,16851901.23,INR
VIS-REV-002,Vision Care - Service & AMC Revenue,Revenue,Carl Zeiss India,India,Vision Care,2025-01,6651600.78,INR
VIS-REV-003,Vision Care - Training & Applications Revenue,Revenue,Carl Zeiss India,India,Vision Care,2025-01,3063809.46,INR
VIS-COGS-001,Vision Care - Imported Components & Materials,COGS,Carl Zeiss India,India,Vision Care,2025-01,8254039.86,INR
VIS-COGS-002,Vision Care - Installation & Service Labor,COGS,Carl Zeiss India,India,Vision Care,2025-01,3689072.5,INR
VIS-COGS-003,"Vision Care - Freight, Customs & Logistics",COGS,Carl Zeiss India,India,Vision Care,2025-01,2026103.94,INR
VIS-OPEX-001,Vision Care - Sales & Marketing,OpEx,Carl Zeiss India,India,Vision Care,2025-01,2746445.11,INR
VIS-OPEX-002,Vision Care - Applications Engineering & R&D,OpEx,Carl Zeiss India,India,Vision Care,2025-01,1624182.9,INR
VIS-OPEX-003,Vision Care - G&A,OpEx,Carl Zeiss India,India,Vision Care,2025-01,1281700.81,INR
VIS-OPEX-004,Vision Care - Facilities & Rent,OpEx,Carl Zeiss India,India,Vision Care,2025-01,746972.62,INR
VIS-OPEX-005,Vision Care - IT & Software,OpEx,Carl Zeiss India,India,Vision Care,2025-01,460887.75,INR
VIS-REV-001,Vision Care - Equipment & Product Revenue,Revenue,Carl Zeiss India,India,Vision Care,2025-02,14980740.35,INR
VIS-REV-002,Vision Care - Service & AMC Revenue,Revenue,Carl Zeiss India,India,Vision Care,2025-02,8163435.94,INR
VIS-REV-003,Vision Care - Training & Applications Revenue,Revenue,Carl Zeiss India,India,Vision Care,2025-02,3102125.34,INR
VIS-COGS-001,Vision Care - Imported Components & Materials,COGS,Carl Zeiss India,India,Vision Care,2025-02,8637203.53,INR
VIS-COGS-002,Vision Care - Installation & Service Labor,COGS,Carl Zeiss India,India,Vision Care,2025-02,3239328.54,INR
VIS-COGS-003,"Vision Care - Freight, Customs & Logistics",COGS,Carl Zeiss India,India,Vision Care,2025-02,2075889.34,INR
VIS-OPEX-001,Vision Care - Sales & Marketing,OpEx,Carl Zeiss India,India,Vision Care,2025-02,2583247.5,INR
VIS-OPEX-002,Vision Care - Applications Engineering & R&D,OpEx,Carl Zeiss India,India,Vision Care,2025-02,1790110.95,INR
VIS-OPEX-003,Vision Care - G&A,OpEx,Carl Zeiss India,India,Vision Care,2025-02,1240573.18,INR
VIS-OPEX-004,Vision Care - Facilities & Rent,OpEx,Carl Zeiss India,India,Vision Care,2025-02,786888.56,INR
VIS-OPEX-005,Vision Care - IT & Software,OpEx,Carl Zeiss India,India,Vision Care,2025-02,545518.4,INR
VIS-REV-001,Vision Care - Equipment & Product Revenue,Revenue,Carl Zeiss India,India,Vision Care,2025-03,15967231.69,INR
VIS-REV-002,Vision Care - Service & AMC Revenue,Revenue,Carl Zeiss India,India,Vision Care,2025-03,7784084.43,INR
VIS-REV-003,Vision Care - Training & Applications Revenue,Revenue,Carl Zeiss India,India,Vision Care,2025-03,3397571.22,INR
VIS-COGS-001,Vision Care - Imported Components & Materials,COGS,Carl Zeiss India,India,Vision Care,2025-03,8686302.2,INR
VIS-COGS-002,Vision Care - Installation & Service Labor,COGS,Carl Zeiss India,India,Vision Care,2025-03,4384515.3,INR
VIS-COGS-003,"Vision Care - Freight, Customs & Logistics",COGS,Carl Zeiss India,India,Vision Care,2025-03,2524506.89,INR
VIS-OPEX-001,Vision Care - Sales & Marketing,OpEx,Carl Zeiss India,India,Vision Care,2025-03,2995329.42,INR
VIS-OPEX-002,Vision Care - Applications Engineering & R&D,OpEx,Carl Zeiss India,India,Vision Care,2025-03,2012159.38,INR
VIS-OPEX-003,Vision Care - G&A,OpEx,Carl Zeiss India,India,Vision Care,2025-03,1325537.19,INR
VIS-OPEX-004,Vision Care - Facilities & Rent,OpEx,Carl Zeiss India,India,Vision Care,2025-03,869961.8,INR
VIS-OPEX-005,Vision Care - IT & Software,OpEx,Carl Zeiss India,India,Vision Care,2025-03,596095.53,INR
VIS-REV-001,Vision Care - Equipment & Product Revenue,Revenue,Carl Zeiss India,India,Vision Care,2025-04,12164366.35,INR
VIS-REV-002,Vision Care - Service & AMC Revenue,Revenue,Carl Zeiss India,India,Vision Care,2025-04,6336252.39,INR
VIS-REV-003,Vision Care - Training & Applications Revenue,Revenue,Carl Zeiss India,India,Vision Care,2025-04,2196866.35,INR
VIS-COGS-001,Vision Care - Imported Components & Materials,COGS,Carl Zeiss India,India,Vision Care,2025-04,7240003.78,INR
VIS-COGS-002,Vision Care - Installation & Service Labor,COGS,Carl Zeiss India,India,Vision Care,2025-04,2870171.55,INR
VIS-COGS-003,"Vision Care - Freight, Customs & Logistics",COGS,Carl Zeiss India,India,Vision Care,2025-04,1567580.71,INR
VIS-OPEX-001,Vision Care - Sales & Marketing,OpEx,Carl Zeiss India,India,Vision Care,2025-04,2442854.96,INR
VIS-OPEX-002,Vision Care - Applications Engineering & R&D,OpEx,Carl Zeiss India,India,Vision Care,2025-04,1501674.12,INR
VIS-OPEX-003,Vision Care - G&A,OpEx,Carl Zeiss India,India,Vision Care,2025-04,1142314.82,INR
VIS-OPEX-004,Vision Care - Facilities & Rent,OpEx,Carl Zeiss India,India,Vision Care,2025-04,293266.44,INR
VIS-OPEX-005,Vision Care - IT & Software,OpEx,Carl Zeiss India,India,Vision Care,2025-04,419371.61,INR
VIS-REV-001,Vision Care - Equipment & Product Revenue,Revenue,Carl Zeiss India,India,Vision Care,2025-05,13235013.06,INR
VIS-REV-002,Vision Care - Service & AMC Revenue,Revenue,Carl Zeiss India,India,Vision Care,2025-05,7014977.92,INR
VIS-REV-003,Vision Care - Training & Applications Revenue,Revenue,Carl Zeiss India,India,Vision Care,2025-05,2817374.82,INR
VIS-COGS-001,Vision Care - Imported Components & Materials,COGS,Carl Zeiss India,India,Vision Care,2025-05,7607277.26,INR
VIS-COGS-002,Vision Care - Installation & Service Labor,COGS,Carl Zeiss India,India,Vision Care,2025-05,3192138.36,INR
VIS-COGS-003,"Vision Care - Freight, Customs & Logistics",COGS,Carl Zeiss India,India,Vision Care,2025-05,1904241.81,INR
VIS-OPEX-001,Vision Care - Sales & Marketing,OpEx,Carl Zeiss India,India,Vision Care,2025-05,2841450.09,INR
VIS-OPEX-002,Vision Care - Applications Engineering & R&D,OpEx,Carl Zeiss India,India,Vision Care,2025-05,1639304.09,INR
VIS-OPEX-003,Vision Care - G&A,OpEx,Carl Zeiss India,India,Vision Care,2025-05,1035528.79,INR
VIS-OPEX-004,Vision Care - Facilities & Rent,OpEx,Carl Zeiss India,India,Vision Care,2025-05,658617.55,INR
VIS-OPEX-005,Vision Care - IT & Software,OpEx,Carl Zeiss India,India,Vision Care,2025-05,470757.57,INR
VIS-REV-001,Vision Care - Equipment & Product Revenue,Revenue,Carl Zeiss India,India,Vision Care,2025-06,15690400.87,INR
VIS-REV-002,Vision Care - Service & AMC Revenue,Revenue,Carl Zeiss India,India,Vision Care,2025-06,7284648.11,INR
VIS-REV-003,Vision Care - Training & Applications Revenue,Revenue,Carl Zeiss India,India,Vision Care,2025-06,3054017.95,INR
VIS-COGS-001,Vision Care - Imported Components & Materials,COGS,Carl Zeiss India,India,Vision Care,2025-06,7525632.3,INR
VIS-COGS-002,Vision Care - Installation & Service Labor,COGS,Carl Zeiss India,India,Vision Care,2025-06,3232096.2,INR
VIS-COGS-003,"Vision Care - Freight, Customs & Logistics",COGS,Carl Zeiss India,India,Vision Care,2025-06,1741902.56,INR
VIS-OPEX-001,Vision Care - Sales & Marketing,OpEx,Carl Zeiss India,India,Vision Care,2025-06,2596117.28,INR
VIS-OPEX-002,Vision Care - Applications Engineering & R&D,OpEx,Carl Zeiss India,India,Vision Care,2025-06,1657837.9,INR
VIS-OPEX-003,Vision Care - G&A,OpEx,Carl Zeiss India,India,Vision Care,2025-06,1174117.52,INR
VIS-OPEX-004,Vision Care - Facilities & Rent,OpEx,Carl Zeiss India,India,Vision Care,2025-06,714076.91,INR
VIS-OPEX-005,Vision Care - IT & Software,OpEx,Carl Zeiss India,India,Vision Care,2025-06,527337.55,INR
VIS-REV-001,Vision Care - Equipment & Product Revenue,Revenue,Carl Zeiss India,India,Vision Care,2025-07,12519932.4,INR
VIS-REV-002,Vision Care - Service & AMC Revenue,Revenue,Carl Zeiss India,India,Vision Care,2025-07,5809434.59,INR
VIS-REV-003,Vision Care - Training & Applications Revenue,Revenue,Carl Zeiss India,India,Vision Care,2025-07,2648811.93,INR
VIS-COGS-001,Vision Care - Imported Components & Materials,COGS,Carl Zeiss India,India,Vision Care,2025-07,6763882.92,INR
VIS-COGS-002,Vision Care - Installation & Service Labor,COGS,Carl Zeiss India,India,Vision Care,2025-07,3228055.42,INR
VIS-COGS-003,"Vision Care - Freight, Customs & Logistics",COGS,Carl Zeiss India,India,Vision Care,2025-07,1751501.25,INR
VIS-OPEX-001,Vision Care - Sales & Marketing,OpEx,Carl Zeiss India,India,Vision Care,2025-07,2532744.14,INR
VIS-OPEX-002,Vision Care - Applications Engineering & R&D,OpEx,Carl Zeiss India,India,Vision Care,2025-07,1603700.16,INR
VIS-OPEX-003,Vision Care - G&A,OpEx,Carl Zeiss India,India,Vision Care,2025-07,1107941.31,INR
VIS-OPEX-004,Vision Care - Facilities & Rent,OpEx,Carl Zeiss India,India,Vision Care,2025-07,628925.23,INR
VIS-OPEX-005,Vision Care - IT & Software,OpEx,Carl Zeiss India,India,Vision Care,2025-07,463991.07,INR
VIS-REV-001,Vision Care - Equipment & Product Revenue,Revenue,Carl Zeiss India,India,Vision Care,2025-08,13015919.14,INR
VIS-REV-002,Vision Care - Service & AMC Revenue,Revenue,Carl Zeiss India,India,Vision Care,2025-08,6682906.06,INR
VIS-REV-003,Vision Care - Training & Applications Revenue,Revenue,Carl Zeiss India,India,Vision Care,2025-08,2854745.26,INR
VIS-COGS-001,Vision Care - Imported Components & Materials,COGS,Carl Zeiss India,India,Vision Care,2025-08,7317315.77,INR
VIS-COGS-002,Vision Care - Installation & Service Labor,COGS,Carl Zeiss India,India,Vision Care,2025-08,3283958.29,INR
VIS-COGS-003,"Vision Care - Freight, Customs & Logistics",COGS,Carl Zeiss India,India,Vision Care,2025-08,1634972.97,INR
VIS-OPEX-001,Vision Care - Sales & Marketing,OpEx,Carl Zeiss India,India,Vision Care,2025-08,2448925.35,INR
VIS-OPEX-002,Vision Care - Applications Engineering & R&D,OpEx,Carl Zeiss India,India,Vision Care,2025-08,1698090.68,INR
VIS-OPEX-003,Vision Care - G&A,OpEx,Carl Zeiss India,India,Vision Care,2025-08,1320689.46,INR
VIS-OPEX-004,Vision Care - Facilities & Rent,OpEx,Carl Zeiss India,India,Vision Care,2025-08,725399.33,INR
VIS-OPEX-005,Vision Care - IT & Software,OpEx,Carl Zeiss India,India,Vision Care,2025-08,450425.5,INR
VIS-REV-001,Vision Care - Equipment & Product Revenue,Revenue,Carl Zeiss India,India,Vision Care,2025-09,15214373.22,INR
VIS-REV-002,Vision Care - Service & AMC Revenue,Revenue,Carl Zeiss India,India,Vision Care,2025-09,6305005.31,INR
VIS-REV-003,Vision Care - Training & Applications Revenue,Revenue,Carl Zeiss India,India,Vision Care,2025-09,3131509.5,INR
VIS-COGS-001,Vision Care - Imported Components & Materials,COGS,Carl Zeiss India,India,Vision Care,2025-09,7773106.16,INR
VIS-COGS-002,Vision Care - Installation & Service Labor,COGS,Carl Zeiss India,India,Vision Care,2025-09,3555502.12,INR
VIS-COGS-003,"Vision Care - Freight, Customs & Logistics",COGS,Carl Zeiss India,India,Vision Care,2025-09,3455462.13,INR
VIS-OPEX-001,Vision Care - Sales & Marketing,OpEx,Carl Zeiss India,India,Vision Care,2025-09,2835353.73,INR
VIS-OPEX-002,Vision Care - Applications Engineering & R&D,OpEx,Carl Zeiss India,India,Vision Care,2025-09,1595945.16,INR
VIS-OPEX-003,Vision Care - G&A,OpEx,Carl Zeiss India,India,Vision Care,2025-09,1197094.73,INR
VIS-OPEX-004,Vision Care - Facilities & Rent,OpEx,Carl Zeiss India,India,Vision Care,2025-09,783784.04,INR
VIS-OPEX-005,Vision Care - IT & Software,OpEx,Carl Zeiss India,India,Vision Care,2025-09,455367.15,INR
VIS-REV-001,Vision Care - Equipment & Product Revenue,Revenue,Carl Zeiss India,India,Vision Care,2025-10,17230663.44,INR
VIS-REV-002,Vision Care - Service & AMC Revenue,Revenue,Carl Zeiss India,India,Vision Care,2025-10,7572778.31,INR
VIS-REV-003,Vision Care - Training & Applications Revenue,Revenue,Carl Zeiss India,India,Vision Care,2025-10,3531933.27,INR
VIS-COGS-001,Vision Care - Imported Components & Materials,COGS,Carl Zeiss India,India,Vision Care,2025-10,8399355.12,INR
VIS-COGS-002,Vision Care - Installation & Service Labor,COGS,Carl Zeiss India,India,Vision Care,2025-10,3810559.01,INR
VIS-COGS-003,"Vision Care - Freight, Customs & Logistics",COGS,Carl Zeiss India,India,Vision Care,2025-10,2335048.15,INR
VIS-OPEX-001,Vision Care - Sales & Marketing,OpEx,Carl Zeiss India,India,Vision Care,2025-10,3016153.36,INR
VIS-OPEX-002,Vision Care - Applications Engineering & R&D,OpEx,Carl Zeiss India,India,Vision Care,2025-10,1829765.5,INR
VIS-OPEX-003,Vision Care - G&A,OpEx,Carl Zeiss India,India,Vision Care,2025-10,1419884.84,INR
VIS-OPEX-004,Vision Care - Facilities & Rent,OpEx,Carl Zeiss India,India,Vision Care,2025-10,915784.76,INR
VIS-OPEX-005,Vision Care - IT & Software,OpEx,Carl Zeiss India,India,Vision Care,2025-10,591013.92,INR
VIS-REV-001,Vision Care - Equipment & Product Revenue,Revenue,Carl Zeiss India,India,Vision Care,2025-11,16482800.85,INR
VIS-REV-002,Vision Care - Service & AMC Revenue,Revenue,Carl Zeiss India,India,Vision Care,2025-11,7785127.95,INR
VIS-REV-003,Vision Care - Training & Applications Revenue,Revenue,Carl Zeiss India,India,Vision Care,2025-11,3575702.55,INR
VIS-COGS-001,Vision Care - Imported Components & Materials,COGS,Carl Zeiss India,India,Vision Care,2025-11,9525997.56,INR
VIS-COGS-002,Vision Care - Installation & Service Labor,COGS,Carl Zeiss India,India,Vision Care,2025-11,3820864.8,INR
VIS-COGS-003,"Vision Care - Freight, Customs & Logistics",COGS,Carl Zeiss India,India,Vision Care,2025-11,2464647.36,INR
VIS-OPEX-001,Vision Care - Sales & Marketing,OpEx,Carl Zeiss India,India,Vision Care,2025-11,3238206.81,INR
VIS-OPEX-002,Vision Care - Applications Engineering & R&D,OpEx,Carl Zeiss India,India,Vision Care,2025-11,2065212.8,INR
VIS-OPEX-003,Vision Care - G&A,OpEx,Carl Zeiss India,India,Vision Care,2025-11,1534024.77,INR
VIS-OPEX-004,Vision Care - Facilities & Rent,OpEx,Carl Zeiss India,India,Vision Care,2025-11,886213.19,INR
VIS-OPEX-005,Vision Care - IT & Software,OpEx,Carl Zeiss India,India,Vision Care,2025-11,629989.53,INR
VIS-REV-001,Vision Care - Equipment & Product Revenue,Revenue,Carl Zeiss India,India,Vision Care,2025-12,14465872.58,INR
VIS-REV-002,Vision Care - Service & AMC Revenue,Revenue,Carl Zeiss India,India,Vision Care,2025-12,7506615.93,INR
VIS-REV-003,Vision Care - Training & Applications Revenue,Revenue,Carl Zeiss India,India,Vision Care,2025-12,3107791.61,INR
VIS-COGS-001,Vision Care - Imported Components & Materials,COGS,Carl Zeiss India,India,Vision Care,2025-12,7539562.97,INR
VIS-COGS-002,Vision Care - Installation & Service Labor,COGS,Carl Zeiss India,India,Vision Care,2025-12,3706176.94,INR
VIS-COGS-003,"Vision Care - Freight, Customs & Logistics",COGS,Carl Zeiss India,India,Vision Care,2025-12,2002275.72,INR
VIS-OPEX-001,Vision Care - Sales & Marketing,OpEx,Carl Zeiss India,India,Vision Care,2025-12,2720018.3,INR
VIS-OPEX-002,Vision Care - Applications Engineering & R&D,OpEx,Carl Zeiss India,India,Vision Care,2025-12,1737655.08,INR
VIS-OPEX-003,Vision Care - G&A,OpEx,Carl Zeiss India,India,Vision Care,2025-12,1168696.78,INR
VIS-OPEX-004,Vision Care - Facilities & Rent,OpEx,Carl Zeiss India,India,Vision Care,2025-12,725888.4,INR
VIS-OPEX-005,Vision Care - IT & Software,OpEx,Carl Zeiss India,India,Vision Care,2025-12,532621.19,INR
VIS-REV-001,Vision Care - Equipment & Product Revenue,Revenue,Carl Zeiss India,India,Vision Care,2026-01,16504422.37,INR
VIS-REV-002,Vision Care - Service & AMC Revenue,Revenue,Carl Zeiss India,India,Vision Care,2026-01,8033172.26,INR
VIS-REV-003,Vision Care - Training & Applications Revenue,Revenue,Carl Zeiss India,India,Vision Care,2026-01,3166446.6,INR
VIS-COGS-001,Vision Care - Imported Components & Materials,COGS,Carl Zeiss India,India,Vision Care,2026-01,9845962.28,INR
VIS-COGS-002,Vision Care - Installation & Service Labor,COGS,Carl Zeiss India,India,Vision Care,2026-01,4184373.01,INR
VIS-COGS-003,"Vision Care - Freight, Customs & Logistics",COGS,Carl Zeiss India,India,Vision Care,2026-01,2191528.37,INR
VIS-OPEX-001,Vision Care - Sales & Marketing,OpEx,Carl Zeiss India,India,Vision Care,2026-01,3173806.0,INR
VIS-OPEX-002,Vision Care - Applications Engineering & R&D,OpEx,Carl Zeiss India,India,Vision Care,2026-01,1961566.98,INR
VIS-OPEX-003,Vision Care - G&A,OpEx,Carl Zeiss India,India,Vision Care,2026-01,1522956.64,INR
VIS-OPEX-004,Vision Care - Facilities & Rent,OpEx,Carl Zeiss India,India,Vision Care,2026-01,889037.82,INR
VIS-OPEX-005,Vision Care - IT & Software,OpEx,Carl Zeiss India,India,Vision Care,2026-01,559546.0,INR
VIS-REV-001,Vision Care - Equipment & Product Revenue,Revenue,Carl Zeiss India,India,Vision Care,2026-02,16981946.38,INR
VIS-REV-002,Vision Care - Service & AMC Revenue,Revenue,Carl Zeiss India,India,Vision Care,2026-02,7931640.52,INR
VIS-REV-003,Vision Care - Training & Applications Revenue,Revenue,Carl Zeiss India,India,Vision Care,2026-02,3422476.78,INR
VIS-COGS-001,Vision Care - Imported Components & Materials,COGS,Carl Zeiss India,India,Vision Care,2026-02,9005190.1,INR
VIS-COGS-002,Vision Care - Installation & Service Labor,COGS,Carl Zeiss India,India,Vision Care,2026-02,4222941.06,INR
VIS-COGS-003,"Vision Care - Freight, Customs & Logistics",COGS,Carl Zeiss India,India,Vision Care,2026-02,2617314.51,INR
VIS-OPEX-001,Vision Care - Sales & Marketing,OpEx,Carl Zeiss India,India,Vision Care,2026-02,3110668.0,INR
VIS-OPEX-002,Vision Care - Applications Engineering & R&D,OpEx,Carl Zeiss India,India,Vision Care,2026-02,2078875.23,INR
VIS-OPEX-003,Vision Care - G&A,OpEx,Carl Zeiss India,India,Vision Care,2026-02,1393407.61,INR
VIS-OPEX-004,Vision Care - Facilities & Rent,OpEx,Carl Zeiss India,India,Vision Care,2026-02,842185.44,INR
VIS-OPEX-005,Vision Care - IT & Software,OpEx,Carl Zeiss India,India,Vision Care,2026-02,616997.97,INR
VIS-REV-001,Vision Care - Equipment & Product Revenue,Revenue,Carl Zeiss India,India,Vision Care,2026-03,19542397.24,INR
VIS-REV-002,Vision Care - Service & AMC Revenue,Revenue,Carl Zeiss India,India,Vision Care,2026-03,8389121.44,INR
VIS-REV-003,Vision Care - Training & Applications Revenue,Revenue,Carl Zeiss India,India,Vision Care,2026-03,3316625.62,INR
VIS-COGS-001,Vision Care - Imported Components & Materials,COGS,Carl Zeiss India,India,Vision Care,2026-03,9765058.77,INR
VIS-COGS-002,Vision Care - Installation & Service Labor,COGS,Carl Zeiss India,India,Vision Care,2026-03,4809007.83,INR
VIS-COGS-003,"Vision Care - Freight, Customs & Logistics",COGS,Carl Zeiss India,India,Vision Care,2026-03,2751546.39,INR
VIS-OPEX-001,Vision Care - Sales & Marketing,OpEx,Carl Zeiss India,India,Vision Care,2026-03,3534725.97,INR
VIS-OPEX-002,Vision Care - Applications Engineering & R&D,OpEx,Carl Zeiss India,India,Vision Care,2026-03,2044853.75,INR
VIS-OPEX-003,Vision Care - G&A,OpEx,Carl Zeiss India,India,Vision Care,2026-03,1403349.71,INR
VIS-OPEX-004,Vision Care - Facilities & Rent,OpEx,Carl Zeiss India,India,Vision Care,2026-03,928171.02,INR
VIS-OPEX-005,Vision Care - IT & Software,OpEx,Carl Zeiss India,India,Vision Care,2026-03,580907.58,INR
VIS-REV-001,Vision Care - Equipment & Product Revenue,Revenue,Carl Zeiss India,India,Vision Care,2026-04,14586734.05,INR
VIS-REV-002,Vision Care - Service & AMC Revenue,Revenue,Carl Zeiss India,India,Vision Care,2026-04,6394144.99,INR
VIS-REV-003,Vision Care - Training & Applications Revenue,Revenue,Carl Zeiss India,India,Vision Care,2026-04,3034754.9,INR
VIS-COGS-001,Vision Care - Imported Components & Materials,COGS,Carl Zeiss India,India,Vision Care,2026-04,7441742.92,INR
VIS-COGS-002,Vision Care - Installation & Service Labor,COGS,Carl Zeiss India,India,Vision Care,2026-04,3262932.28,INR
VIS-COGS-003,"Vision Care - Freight, Customs & Logistics",COGS,Carl Zeiss India,India,Vision Care,2026-04,2125506.13,INR
VIS-OPEX-001,Vision Care - Sales & Marketing,OpEx,Carl Zeiss India,India,Vision Care,2026-04,2585093.48,INR
VIS-OPEX-002,Vision Care - Applications Engineering & R&D,OpEx,Carl Zeiss India,India,Vision Care,2026-04,1513865.65,INR
VIS-OPEX-003,Vision Care - G&A,OpEx,Carl Zeiss India,India,Vision Care,2026-04,1233803.91,INR
VIS-OPEX-004,Vision Care - Facilities & Rent,OpEx,Carl Zeiss India,India,Vision Care,2026-04,696581.51,INR
VIS-OPEX-005,Vision Care - IT & Software,OpEx,Carl Zeiss India,India,Vision Care,2026-04,437497.41,INR
VIS-REV-001,Vision Care - Equipment & Product Revenue,Revenue,Carl Zeiss India,India,Vision Care,2026-05,13982169.02,INR
VIS-REV-002,Vision Care - Service & AMC Revenue,Revenue,Carl Zeiss India,India,Vision Care,2026-05,6510137.79,INR
VIS-REV-003,Vision Care - Training & Applications Revenue,Revenue,Carl Zeiss India,India,Vision Care,2026-05,3117891.23,INR
VIS-COGS-001,Vision Care - Imported Components & Materials,COGS,Carl Zeiss India,India,Vision Care,2026-05,6694504.79,INR
VIS-COGS-002,Vision Care - Installation & Service Labor,COGS,Carl Zeiss India,India,Vision Care,2026-05,3393239.44,INR
VIS-COGS-003,"Vision Care - Freight, Customs & Logistics",COGS,Carl Zeiss India,India,Vision Care,2026-05,1965798.81,INR
VIS-OPEX-001,Vision Care - Sales & Marketing,OpEx,Carl Zeiss India,India,Vision Care,2026-05,2818972.24,INR
VIS-OPEX-002,Vision Care - Applications Engineering & R&D,OpEx,Carl Zeiss India,India,Vision Care,2026-05,1745930.62,INR
VIS-OPEX-003,Vision Care - G&A,OpEx,Carl Zeiss India,India,Vision Care,2026-05,1232199.26,INR
VIS-OPEX-004,Vision Care - Facilities & Rent,OpEx,Carl Zeiss India,India,Vision Care,2026-05,771859.11,INR
VIS-OPEX-005,Vision Care - IT & Software,OpEx,Carl Zeiss India,India,Vision Care,2026-05,464964.83,INR
VIS-REV-001,Vision Care - Equipment & Product Revenue,Revenue,Carl Zeiss India,India,Vision Care,2026-06,16080712.66,INR
VIS-REV-002,Vision Care - Service & AMC Revenue,Revenue,Carl Zeiss India,India,Vision Care,2026-06,7704059.4,INR
VIS-REV-003,Vision Care - Training & Applications Revenue,Revenue,Carl Zeiss India,India,Vision Care,2026-06,2590066.52,INR
VIS-COGS-001,Vision Care - Imported Components & Materials,COGS,Carl Zeiss India,India,Vision Care,2026-06,8120923.73,INR
VIS-COGS-002,Vision Care - Installation & Service Labor,COGS,Carl Zeiss India,India,Vision Care,2026-06,3807708.95,INR
VIS-COGS-003,"Vision Care - Freight, Customs & Logistics",COGS,Carl Zeiss India,India,Vision Care,2026-06,3497306.0,INR
VIS-OPEX-001,Vision Care - Sales & Marketing,OpEx,Carl Zeiss India,India,Vision Care,2026-06,2831929.05,INR
VIS-OPEX-002,Vision Care - Applications Engineering & R&D,OpEx,Carl Zeiss India,India,Vision Care,2026-06,1906960.03,INR
VIS-OPEX-003,Vision Care - G&A,OpEx,Carl Zeiss India,India,Vision Care,2026-06,1426890.72,INR
VIS-OPEX-004,Vision Care - Facilities & Rent,OpEx,Carl Zeiss India,India,Vision Care,2026-06,799511.41,INR
VIS-OPEX-005,Vision Care - IT & Software,OpEx,Carl Zeiss India,India,Vision Care,2026-06,536853.56,INR
VIS-REV-001,Vision Care - Equipment & Product Revenue,Revenue,Carl Zeiss India,India,Vision Care,2026-07,13419707.61,INR
VIS-REV-002,Vision Care - Service & AMC Revenue,Revenue,Carl Zeiss India,India,Vision Care,2026-07,6070072.21,INR
VIS-REV-003,Vision Care - Training & Applications Revenue,Revenue,Carl Zeiss India,India,Vision Care,2026-07,3337625.24,INR
VIS-COGS-001,Vision Care - Imported Components & Materials,COGS,Carl Zeiss India,India,Vision Care,2026-07,7904161.83,INR
VIS-COGS-002,Vision Care - Installation & Service Labor,COGS,Carl Zeiss India,India,Vision Care,2026-07,3351963.33,INR
VIS-COGS-003,"Vision Care - Freight, Customs & Logistics",COGS,Carl Zeiss India,India,Vision Care,2026-07,1970825.49,INR
VIS-OPEX-001,Vision Care - Sales & Marketing,OpEx,Carl Zeiss India,India,Vision Care,2026-07,2597065.98,INR
VIS-OPEX-002,Vision Care - Applications Engineering & R&D,OpEx,Carl Zeiss India,India,Vision Care,2026-07,1780425.27,INR
VIS-OPEX-003,Vision Care - G&A,OpEx,Carl Zeiss India,India,Vision Care,2026-07,1141332.27,INR
VIS-OPEX-004,Vision Care - Facilities & Rent,OpEx,Carl Zeiss India,India,Vision Care,2026-07,777970.33,INR
VIS-OPEX-005,Vision Care - IT & Software,OpEx,Carl Zeiss India,India,Vision Care,2026-07,524628.82,INR
VIS-REV-001,Vision Care - Equipment & Product Revenue,Revenue,Carl Zeiss India,India,Vision Care,2026-08,14789521.23,INR
VIS-REV-002,Vision Care - Service & AMC Revenue,Revenue,Carl Zeiss India,India,Vision Care,2026-08,7063528.38,INR
VIS-REV-003,Vision Care - Training & Applications Revenue,Revenue,Carl Zeiss India,India,Vision Care,2026-08,3096367.5,INR
VIS-COGS-001,Vision Care - Imported Components & Materials,COGS,Carl Zeiss India,India,Vision Care,2026-08,8261776.1,INR
VIS-COGS-002,Vision Care - Installation & Service Labor,COGS,Carl Zeiss India,India,Vision Care,2026-08,3649527.01,INR
VIS-COGS-003,"Vision Care - Freight, Customs & Logistics",COGS,Carl Zeiss India,India,Vision Care,2026-08,2142603.12,INR
VIS-OPEX-001,Vision Care - Sales & Marketing,OpEx,Carl Zeiss India,India,Vision Care,2026-08,2821618.06,INR
VIS-OPEX-002,Vision Care - Applications Engineering & R&D,OpEx,Carl Zeiss India,India,Vision Care,2026-08,1737708.41,INR
VIS-OPEX-003,Vision Care - G&A,OpEx,Carl Zeiss India,India,Vision Care,2026-08,1271805.43,INR
VIS-OPEX-004,Vision Care - Facilities & Rent,OpEx,Carl Zeiss India,India,Vision Care,2026-08,712891.89,INR
VIS-OPEX-005,Vision Care - IT & Software,OpEx,Carl Zeiss India,India,Vision Care,2026-08,432520.08,INR
RMS-REV-001,Research Microscopy Solutions - Equipment & Product Revenue,Revenue,Carl Zeiss India,India,Research Microscopy Solutions,2023-09,7443783.98,INR
RMS-REV-002,Research Microscopy Solutions - Service & AMC Revenue,Revenue,Carl Zeiss India,India,Research Microscopy Solutions,2023-09,3372502.96,INR
RMS-REV-003,Research Microscopy Solutions - Training & Applications Revenue,Revenue,Carl Zeiss India,India,Research Microscopy Solutions,2023-09,1528424.2,INR
RMS-COGS-001,Research Microscopy Solutions - Imported Components & Materials,COGS,Carl Zeiss India,India,Research Microscopy Solutions,2023-09,3849338.38,INR
RMS-COGS-002,Research Microscopy Solutions - Installation & Service Labor,COGS,Carl Zeiss India,India,Research Microscopy Solutions,2023-09,1595746.07,INR
RMS-COGS-003,"Research Microscopy Solutions - Freight, Customs & Logistics",COGS,Carl Zeiss India,India,Research Microscopy Solutions,2023-09,1044376.48,INR
RMS-OPEX-001,Research Microscopy Solutions - Sales & Marketing,OpEx,Carl Zeiss India,India,Research Microscopy Solutions,2023-09,1341071.23,INR
RMS-OPEX-002,Research Microscopy Solutions - Applications Engineering & R&D,OpEx,Carl Zeiss India,India,Research Microscopy Solutions,2023-09,734189.05,INR
RMS-OPEX-003,Research Microscopy Solutions - G&A,OpEx,Carl Zeiss India,India,Research Microscopy Solutions,2023-09,609522.87,INR
RMS-OPEX-004,Research Microscopy Solutions - Facilities & Rent,OpEx,Carl Zeiss India,India,Research Microscopy Solutions,2023-09,353725.87,INR
RMS-OPEX-005,Research Microscopy Solutions - IT & Software,OpEx,Carl Zeiss India,India,Research Microscopy Solutions,2023-09,242110.73,INR
RMS-REV-001,Research Microscopy Solutions - Equipment & Product Revenue,Revenue,Carl Zeiss India,India,Research Microscopy Solutions,2023-10,8027540.37,INR
RMS-REV-002,Research Microscopy Solutions - Service & AMC Revenue,Revenue,Carl Zeiss India,India,Research Microscopy Solutions,2023-10,3635685.25,INR
RMS-REV-003,Research Microscopy Solutions - Training & Applications Revenue,Revenue,Carl Zeiss India,India,Research Microscopy Solutions,2023-10,1362498.18,INR
RMS-COGS-001,Research Microscopy Solutions - Imported Components & Materials,COGS,Carl Zeiss India,India,Research Microscopy Solutions,2023-10,4225688.09,INR
RMS-COGS-002,Research Microscopy Solutions - Installation & Service Labor,COGS,Carl Zeiss India,India,Research Microscopy Solutions,2023-10,1819077.01,INR
RMS-COGS-003,"Research Microscopy Solutions - Freight, Customs & Logistics",COGS,Carl Zeiss India,India,Research Microscopy Solutions,2023-10,988126.81,INR
RMS-OPEX-001,Research Microscopy Solutions - Sales & Marketing,OpEx,Carl Zeiss India,India,Research Microscopy Solutions,2023-10,1628461.38,INR
RMS-OPEX-002,Research Microscopy Solutions - Applications Engineering & R&D,OpEx,Carl Zeiss India,India,Research Microscopy Solutions,2023-10,865885.57,INR
RMS-OPEX-003,Research Microscopy Solutions - G&A,OpEx,Carl Zeiss India,India,Research Microscopy Solutions,2023-10,685756.22,INR
RMS-OPEX-004,Research Microscopy Solutions - Facilities & Rent,OpEx,Carl Zeiss India,India,Research Microscopy Solutions,2023-10,412113.16,INR
RMS-OPEX-005,Research Microscopy Solutions - IT & Software,OpEx,Carl Zeiss India,India,Research Microscopy Solutions,2023-10,257490.82,INR
RMS-REV-001,Research Microscopy Solutions - Equipment & Product Revenue,Revenue,Carl Zeiss India,India,Research Microscopy Solutions,2023-11,7361802.13,INR
RMS-REV-002,Research Microscopy Solutions - Service & AMC Revenue,Revenue,Carl Zeiss India,India,Research Microscopy Solutions,2023-11,3381046.37,INR
RMS-REV-003,Research Microscopy Solutions - Training & Applications Revenue,Revenue,Carl Zeiss India,India,Research Microscopy Solutions,2023-11,1647253.11,INR
RMS-COGS-001,Research Microscopy Solutions - Imported Components & Materials,COGS,Carl Zeiss India,India,Research Microscopy Solutions,2023-11,4027547.85,INR
RMS-COGS-002,Research Microscopy Solutions - Installation & Service Labor,COGS,Carl Zeiss India,India,Research Microscopy Solutions,2023-11,1908868.67,INR
RMS-COGS-003,"Research Microscopy Solutions - Freight, Customs & Logistics",COGS,Carl Zeiss India,India,Research Microscopy Solutions,2023-11,1045703.07,INR
RMS-OPEX-001,Research Microscopy Solutions - Sales & Marketing,OpEx,Carl Zeiss India,India,Research Microscopy Solutions,2023-11,1387981.7,INR
RMS-OPEX-002,Research Microscopy Solutions - Applications Engineering & R&D,OpEx,Carl Zeiss India,India,Research Microscopy Solutions,2023-11,957094.9,INR
RMS-OPEX-003,Research Microscopy Solutions - G&A,OpEx,Carl Zeiss India,India,Research Microscopy Solutions,2023-11,637108.22,INR
RMS-OPEX-004,Research Microscopy Solutions - Facilities & Rent,OpEx,Carl Zeiss India,India,Research Microscopy Solutions,2023-11,341630.83,INR
RMS-OPEX-005,Research Microscopy Solutions - IT & Software,OpEx,Carl Zeiss India,India,Research Microscopy Solutions,2023-11,254404.24,INR
RMS-REV-001,Research Microscopy Solutions - Equipment & Product Revenue,Revenue,Carl Zeiss India,India,Research Microscopy Solutions,2023-12,7353267.73,INR
RMS-REV-002,Research Microscopy Solutions - Service & AMC Revenue,Revenue,Carl Zeiss India,India,Research Microscopy Solutions,2023-12,3752850.06,INR
RMS-REV-003,Research Microscopy Solutions - Training & Applications Revenue,Revenue,Carl Zeiss India,India,Research Microscopy Solutions,2023-12,1526406.55,INR
RMS-COGS-001,Research Microscopy Solutions - Imported Components & Materials,COGS,Carl Zeiss India,India,Research Microscopy Solutions,2023-12,3958669.72,INR
RMS-COGS-002,Research Microscopy Solutions - Installation & Service Labor,COGS,Carl Zeiss India,India,Research Microscopy Solutions,2023-12,1797552.77,INR
RMS-COGS-003,"Research Microscopy Solutions - Freight, Customs & Logistics",COGS,Carl Zeiss India,India,Research Microscopy Solutions,2023-12,947295.56,INR
RMS-OPEX-001,Research Microscopy Solutions - Sales & Marketing,OpEx,Carl Zeiss India,India,Research Microscopy Solutions,2023-12,1343415.7,INR
RMS-OPEX-002,Research Microscopy Solutions - Applications Engineering & R&D,OpEx,Carl Zeiss India,India,Research Microscopy Solutions,2023-12,980833.19,INR
RMS-OPEX-003,Research Microscopy Solutions - G&A,OpEx,Carl Zeiss India,India,Research Microscopy Solutions,2023-12,640872.2,INR
RMS-OPEX-004,Research Microscopy Solutions - Facilities & Rent,OpEx,Carl Zeiss India,India,Research Microscopy Solutions,2023-12,413895.37,INR
RMS-OPEX-005,Research Microscopy Solutions - IT & Software,OpEx,Carl Zeiss India,India,Research Microscopy Solutions,2023-12,261883.38,INR
RMS-REV-001,Research Microscopy Solutions - Equipment & Product Revenue,Revenue,Carl Zeiss India,India,Research Microscopy Solutions,2024-01,7391691.41,INR
RMS-REV-002,Research Microscopy Solutions - Service & AMC Revenue,Revenue,Carl Zeiss India,India,Research Microscopy Solutions,2024-01,3761583.11,INR
RMS-REV-003,Research Microscopy Solutions - Training & Applications Revenue,Revenue,Carl Zeiss India,India,Research Microscopy Solutions,2024-01,1635224.88,INR
RMS-COGS-001,Research Microscopy Solutions - Imported Components & Materials,COGS,Carl Zeiss India,India,Research Microscopy Solutions,2024-01,3961669.75,INR
RMS-COGS-002,Research Microscopy Solutions - Installation & Service Labor,COGS,Carl Zeiss India,India,Research Microscopy Solutions,2024-01,1664925.46,INR
RMS-COGS-003,"Research Microscopy Solutions - Freight, Customs & Logistics",COGS,Carl Zeiss India,India,Research Microscopy Solutions,2024-01,983788.62,INR
RMS-OPEX-001,Research Microscopy Solutions - Sales & Marketing,OpEx,Carl Zeiss India,India,Research Microscopy Solutions,2024-01,1503714.58,INR
RMS-OPEX-002,Research Microscopy Solutions - Applications Engineering & R&D,OpEx,Carl Zeiss India,India,Research Microscopy Solutions,2024-01,992137.91,INR
RMS-OPEX-003,Research Microscopy Solutions - G&A,OpEx,Carl Zeiss India,India,Research Microscopy Solutions,2024-01,750417.8,INR
RMS-OPEX-004,Research Microscopy Solutions - Facilities & Rent,OpEx,Carl Zeiss India,India,Research Microscopy Solutions,2024-01,433503.69,INR
RMS-OPEX-005,Research Microscopy Solutions - IT & Software,OpEx,Carl Zeiss India,India,Research Microscopy Solutions,2024-01,301952.26,INR
RMS-REV-001,Research Microscopy Solutions - Equipment & Product Revenue,Revenue,Carl Zeiss India,India,Research Microscopy Solutions,2024-02,9088117.97,INR
RMS-REV-002,Research Microscopy Solutions - Service & AMC Revenue,Revenue,Carl Zeiss India,India,Research Microscopy Solutions,2024-02,3512389.5,INR
RMS-REV-003,Research Microscopy Solutions - Training & Applications Revenue,Revenue,Carl Zeiss India,India,Research Microscopy Solutions,2024-02,1686825.22,INR
RMS-COGS-001,Research Microscopy Solutions - Imported Components & Materials,COGS,Carl Zeiss India,India,Research Microscopy Solutions,2024-02,4871982.61,INR
RMS-COGS-002,Research Microscopy Solutions - Installation & Service Labor,COGS,Carl Zeiss India,India,Research Microscopy Solutions,2024-02,2010514.51,INR
RMS-COGS-003,"Research Microscopy Solutions - Freight, Customs & Logistics",COGS,Carl Zeiss India,India,Research Microscopy Solutions,2024-02,1258645.0,INR
RMS-OPEX-001,Research Microscopy Solutions - Sales & Marketing,OpEx,Carl Zeiss India,India,Research Microscopy Solutions,2024-02,1578029.72,INR
RMS-OPEX-002,Research Microscopy Solutions - Applications Engineering & R&D,OpEx,Carl Zeiss India,India,Research Microscopy Solutions,2024-02,1036384.84,INR
RMS-OPEX-003,Research Microscopy Solutions - G&A,OpEx,Carl Zeiss India,India,Research Microscopy Solutions,2024-02,716009.42,INR
RMS-OPEX-004,Research Microscopy Solutions - Facilities & Rent,OpEx,Carl Zeiss India,India,Research Microscopy Solutions,2024-02,440155.83,INR
RMS-OPEX-005,Research Microscopy Solutions - IT & Software,OpEx,Carl Zeiss India,India,Research Microscopy Solutions,2024-02,267727.75,INR
RMS-REV-001,Research Microscopy Solutions - Equipment & Product Revenue,Revenue,Carl Zeiss India,India,Research Microscopy Solutions,2024-03,9659707.44,INR
RMS-REV-002,Research Microscopy Solutions - Service & AMC Revenue,Revenue,Carl Zeiss India,India,Research Microscopy Solutions,2024-03,4414922.48,INR
RMS-REV-003,Research Microscopy Solutions - Training & Applications Revenue,Revenue,Carl Zeiss India,India,Research Microscopy Solutions,2024-03,1569189.23,INR
RMS-COGS-001,Research Microscopy Solutions - Imported Components & Materials,COGS,Carl Zeiss India,India,Research Microscopy Solutions,2024-03,5410178.09,INR
RMS-COGS-002,Research Microscopy Solutions - Installation & Service Labor,COGS,Carl Zeiss India,India,Research Microscopy Solutions,2024-03,2097712.96,INR
RMS-COGS-003,"Research Microscopy Solutions - Freight, Customs & Logistics",COGS,Carl Zeiss India,India,Research Microscopy Solutions,2024-03,1256712.62,INR
RMS-OPEX-001,Research Microscopy Solutions - Sales & Marketing,OpEx,Carl Zeiss India,India,Research Microscopy Solutions,2024-03,1781299.58,INR
RMS-OPEX-002,Research Microscopy Solutions - Applications Engineering & R&D,OpEx,Carl Zeiss India,India,Research Microscopy Solutions,2024-03,1089611.88,INR
RMS-OPEX-003,Research Microscopy Solutions - G&A,OpEx,Carl Zeiss India,India,Research Microscopy Solutions,2024-03,843040.47,INR
RMS-OPEX-004,Research Microscopy Solutions - Facilities & Rent,OpEx,Carl Zeiss India,India,Research Microscopy Solutions,2024-03,483837.0,INR
RMS-OPEX-005,Research Microscopy Solutions - IT & Software,OpEx,Carl Zeiss India,India,Research Microscopy Solutions,2024-03,160959.29,INR
RMS-REV-001,Research Microscopy Solutions - Equipment & Product Revenue,Revenue,Carl Zeiss India,India,Research Microscopy Solutions,2024-04,6981711.11,INR
RMS-REV-002,Research Microscopy Solutions - Service & AMC Revenue,Revenue,Carl Zeiss India,India,Research Microscopy Solutions,2024-04,3053094.93,INR
RMS-REV-003,Research Microscopy Solutions - Training & Applications Revenue,Revenue,Carl Zeiss India,India,Research Microscopy Solutions,2024-04,1532844.47,INR
RMS-COGS-001,Research Microscopy Solutions - Imported Components & Materials,COGS,Carl Zeiss India,India,Research Microscopy Solutions,2024-04,3902989.55,INR
RMS-COGS-002,Research Microscopy Solutions - Installation & Service Labor,COGS,Carl Zeiss India,India,Research Microscopy Solutions,2024-04,1733193.86,INR
RMS-COGS-003,"Research Microscopy Solutions - Freight, Customs & Logistics",COGS,Carl Zeiss India,India,Research Microscopy Solutions,2024-04,774668.35,INR
RMS-OPEX-001,Research Microscopy Solutions - Sales & Marketing,OpEx,Carl Zeiss India,India,Research Microscopy Solutions,2024-04,1257809.22,INR
RMS-OPEX-002,Research Microscopy Solutions - Applications Engineering & R&D,OpEx,Carl Zeiss India,India,Research Microscopy Solutions,2024-04,761975.23,INR
RMS-OPEX-003,Research Microscopy Solutions - G&A,OpEx,Carl Zeiss India,India,Research Microscopy Solutions,2024-04,592205.27,INR
RMS-OPEX-004,Research Microscopy Solutions - Facilities & Rent,OpEx,Carl Zeiss India,India,Research Microscopy Solutions,2024-04,322643.67,INR
RMS-OPEX-005,Research Microscopy Solutions - IT & Software,OpEx,Carl Zeiss India,India,Research Microscopy Solutions,2024-04,225751.95,INR
RMS-REV-001,Research Microscopy Solutions - Equipment & Product Revenue,Revenue,Carl Zeiss India,India,Research Microscopy Solutions,2024-05,8480282.85,INR
RMS-REV-002,Research Microscopy Solutions - Service & AMC Revenue,Revenue,Carl Zeiss India,India,Research Microscopy Solutions,2024-05,3724248.61,INR
RMS-REV-003,Research Microscopy Solutions - Training & Applications Revenue,Revenue,Carl Zeiss India,India,Research Microscopy Solutions,2024-05,1469841.99,INR
RMS-COGS-001,Research Microscopy Solutions - Imported Components & Materials,COGS,Carl Zeiss India,India,Research Microscopy Solutions,2024-05,4030875.02,INR
RMS-COGS-002,Research Microscopy Solutions - Installation & Service Labor,COGS,Carl Zeiss India,India,Research Microscopy Solutions,2024-05,1602001.69,INR
RMS-COGS-003,"Research Microscopy Solutions - Freight, Customs & Logistics",COGS,Carl Zeiss India,India,Research Microscopy Solutions,2024-05,1020064.79,INR
RMS-OPEX-001,Research Microscopy Solutions - Sales & Marketing,OpEx,Carl Zeiss India,India,Research Microscopy Solutions,2024-05,1386874.21,INR
RMS-OPEX-002,Research Microscopy Solutions - Applications Engineering & R&D,OpEx,Carl Zeiss India,India,Research Microscopy Solutions,2024-05,911898.89,INR
RMS-OPEX-003,Research Microscopy Solutions - G&A,OpEx,Carl Zeiss India,India,Research Microscopy Solutions,2024-05,637614.15,INR
RMS-OPEX-004,Research Microscopy Solutions - Facilities & Rent,OpEx,Carl Zeiss India,India,Research Microscopy Solutions,2024-05,401712.76,INR
RMS-OPEX-005,Research Microscopy Solutions - IT & Software,OpEx,Carl Zeiss India,India,Research Microscopy Solutions,2024-05,255401.34,INR
RMS-REV-001,Research Microscopy Solutions - Equipment & Product Revenue,Revenue,Carl Zeiss India,India,Research Microscopy Solutions,2024-06,7464999.08,INR
RMS-REV-002,Research Microscopy Solutions - Service & AMC Revenue,Revenue,Carl Zeiss India,India,Research Microscopy Solutions,2024-06,3425017.11,INR
RMS-REV-003,Research Microscopy Solutions - Training & Applications Revenue,Revenue,Carl Zeiss India,India,Research Microscopy Solutions,2024-06,1528571.06,INR
RMS-COGS-001,Research Microscopy Solutions - Imported Components & Materials,COGS,Carl Zeiss India,India,Research Microscopy Solutions,2024-06,4382776.54,INR
RMS-COGS-002,Research Microscopy Solutions - Installation & Service Labor,COGS,Carl Zeiss India,India,Research Microscopy Solutions,2024-06,1946471.91,INR
RMS-COGS-003,"Research Microscopy Solutions - Freight, Customs & Logistics",COGS,Carl Zeiss India,India,Research Microscopy Solutions,2024-06,1045634.37,INR
RMS-OPEX-001,Research Microscopy Solutions - Sales & Marketing,OpEx,Carl Zeiss India,India,Research Microscopy Solutions,2024-06,1428848.03,INR
RMS-OPEX-002,Research Microscopy Solutions - Applications Engineering & R&D,OpEx,Carl Zeiss India,India,Research Microscopy Solutions,2024-06,917221.6,INR
RMS-OPEX-003,Research Microscopy Solutions - G&A,OpEx,Carl Zeiss India,India,Research Microscopy Solutions,2024-06,667668.49,INR
RMS-OPEX-004,Research Microscopy Solutions - Facilities & Rent,OpEx,Carl Zeiss India,India,Research Microscopy Solutions,2024-06,426528.79,INR
RMS-OPEX-005,Research Microscopy Solutions - IT & Software,OpEx,Carl Zeiss India,India,Research Microscopy Solutions,2024-06,244720.63,INR
RMS-REV-001,Research Microscopy Solutions - Equipment & Product Revenue,Revenue,Carl Zeiss India,India,Research Microscopy Solutions,2024-07,7788684.88,INR
RMS-REV-002,Research Microscopy Solutions - Service & AMC Revenue,Revenue,Carl Zeiss India,India,Research Microscopy Solutions,2024-07,1560162.58,INR
RMS-REV-003,Research Microscopy Solutions - Training & Applications Revenue,Revenue,Carl Zeiss India,India,Research Microscopy Solutions,2024-07,1443019.45,INR
RMS-COGS-001,Research Microscopy Solutions - Imported Components & Materials,COGS,Carl Zeiss India,India,Research Microscopy Solutions,2024-07,4276069.76,INR
RMS-COGS-002,Research Microscopy Solutions - Installation & Service Labor,COGS,Carl Zeiss India,India,Research Microscopy Solutions,2024-07,1825148.33,INR
RMS-COGS-003,"Research Microscopy Solutions - Freight, Customs & Logistics",COGS,Carl Zeiss India,India,Research Microscopy Solutions,2024-07,921245.22,INR
RMS-OPEX-001,Research Microscopy Solutions - Sales & Marketing,OpEx,Carl Zeiss India,India,Research Microscopy Solutions,2024-07,1471745.27,INR
RMS-OPEX-002,Research Microscopy Solutions - Applications Engineering & R&D,OpEx,Carl Zeiss India,India,Research Microscopy Solutions,2024-07,808806.38,INR
RMS-OPEX-003,Research Microscopy Solutions - G&A,OpEx,Carl Zeiss India,India,Research Microscopy Solutions,2024-07,579188.21,INR
RMS-OPEX-004,Research Microscopy Solutions - Facilities & Rent,OpEx,Carl Zeiss India,India,Research Microscopy Solutions,2024-07,413486.88,INR
RMS-OPEX-005,Research Microscopy Solutions - IT & Software,OpEx,Carl Zeiss India,India,Research Microscopy Solutions,2024-07,383445.12,INR
RMS-REV-001,Research Microscopy Solutions - Equipment & Product Revenue,Revenue,Carl Zeiss India,India,Research Microscopy Solutions,2024-08,7814686.55,INR
RMS-REV-002,Research Microscopy Solutions - Service & AMC Revenue,Revenue,Carl Zeiss India,India,Research Microscopy Solutions,2024-08,3316445.11,INR
RMS-REV-003,Research Microscopy Solutions - Training & Applications Revenue,Revenue,Carl Zeiss India,India,Research Microscopy Solutions,2024-08,1500170.46,INR
RMS-COGS-001,Research Microscopy Solutions - Imported Components & Materials,COGS,Carl Zeiss India,India,Research Microscopy Solutions,2024-08,3894477.27,INR
RMS-COGS-002,Research Microscopy Solutions - Installation & Service Labor,COGS,Carl Zeiss India,India,Research Microscopy Solutions,2024-08,1662615.09,INR
RMS-COGS-003,"Research Microscopy Solutions - Freight, Customs & Logistics",COGS,Carl Zeiss India,India,Research Microscopy Solutions,2024-08,993973.48,INR
RMS-OPEX-001,Research Microscopy Solutions - Sales & Marketing,OpEx,Carl Zeiss India,India,Research Microscopy Solutions,2024-08,1266522.68,INR
RMS-OPEX-002,Research Microscopy Solutions - Applications Engineering & R&D,OpEx,Carl Zeiss India,India,Research Microscopy Solutions,2024-08,812348.68,INR
RMS-OPEX-003,Research Microscopy Solutions - G&A,OpEx,Carl Zeiss India,India,Research Microscopy Solutions,2024-08,616120.71,INR
RMS-OPEX-004,Research Microscopy Solutions - Facilities & Rent,OpEx,Carl Zeiss India,India,Research Microscopy Solutions,2024-08,376857.15,INR
RMS-OPEX-005,Research Microscopy Solutions - IT & Software,OpEx,Carl Zeiss India,India,Research Microscopy Solutions,2024-08,264601.21,INR
RMS-REV-001,Research Microscopy Solutions - Equipment & Product Revenue,Revenue,Carl Zeiss India,India,Research Microscopy Solutions,2024-09,8367651.43,INR
RMS-REV-002,Research Microscopy Solutions - Service & AMC Revenue,Revenue,Carl Zeiss India,India,Research Microscopy Solutions,2024-09,3780138.7,INR
RMS-REV-003,Research Microscopy Solutions - Training & Applications Revenue,Revenue,Carl Zeiss India,India,Research Microscopy Solutions,2024-09,1460453.79,INR
RMS-COGS-001,Research Microscopy Solutions - Imported Components & Materials,COGS,Carl Zeiss India,India,Research Microscopy Solutions,2024-09,4379874.61,INR
RMS-COGS-002,Research Microscopy Solutions - Installation & Service Labor,COGS,Carl Zeiss India,India,Research Microscopy Solutions,2024-09,1873527.91,INR
RMS-COGS-003,"Research Microscopy Solutions - Freight, Customs & Logistics",COGS,Carl Zeiss India,India,Research Microscopy Solutions,2024-09,1012305.84,INR
RMS-OPEX-001,Research Microscopy Solutions - Sales & Marketing,OpEx,Carl Zeiss India,India,Research Microscopy Solutions,2024-09,1431765.72,INR
RMS-OPEX-002,Research Microscopy Solutions - Applications Engineering & R&D,OpEx,Carl Zeiss India,India,Research Microscopy Solutions,2024-09,911026.88,INR
RMS-OPEX-003,Research Microscopy Solutions - G&A,OpEx,Carl Zeiss India,India,Research Microscopy Solutions,2024-09,611549.51,INR
RMS-OPEX-004,Research Microscopy Solutions - Facilities & Rent,OpEx,Carl Zeiss India,India,Research Microscopy Solutions,2024-09,377432.41,INR
RMS-OPEX-005,Research Microscopy Solutions - IT & Software,OpEx,Carl Zeiss India,India,Research Microscopy Solutions,2024-09,276278.32,INR
RMS-REV-001,Research Microscopy Solutions - Equipment & Product Revenue,Revenue,Carl Zeiss India,India,Research Microscopy Solutions,2024-10,7966124.82,INR
RMS-REV-002,Research Microscopy Solutions - Service & AMC Revenue,Revenue,Carl Zeiss India,India,Research Microscopy Solutions,2024-10,4220892.95,INR
RMS-REV-003,Research Microscopy Solutions - Training & Applications Revenue,Revenue,Carl Zeiss India,India,Research Microscopy Solutions,2024-10,1743084.4,INR
RMS-COGS-001,Research Microscopy Solutions - Imported Components & Materials,COGS,Carl Zeiss India,India,Research Microscopy Solutions,2024-10,4548913.53,INR
RMS-COGS-002,Research Microscopy Solutions - Installation & Service Labor,COGS,Carl Zeiss India,India,Research Microscopy Solutions,2024-10,1851354.84,INR
RMS-COGS-003,"Research Microscopy Solutions - Freight, Customs & Logistics",COGS,Carl Zeiss India,India,Research Microscopy Solutions,2024-10,1182620.13,INR
RMS-OPEX-001,Research Microscopy Solutions - Sales & Marketing,OpEx,Carl Zeiss India,India,Research Microscopy Solutions,2024-10,1459649.74,INR
RMS-OPEX-002,Research Microscopy Solutions - Applications Engineering & R&D,OpEx,Carl Zeiss India,India,Research Microscopy Solutions,2024-10,990800.11,INR
RMS-OPEX-003,Research Microscopy Solutions - G&A,OpEx,Carl Zeiss India,India,Research Microscopy Solutions,2024-10,667899.8,INR
RMS-OPEX-004,Research Microscopy Solutions - Facilities & Rent,OpEx,Carl Zeiss India,India,Research Microscopy Solutions,2024-10,412342.64,INR
RMS-OPEX-005,Research Microscopy Solutions - IT & Software,OpEx,Carl Zeiss India,India,Research Microscopy Solutions,2024-10,269336.39,INR
RMS-REV-001,Research Microscopy Solutions - Equipment & Product Revenue,Revenue,Carl Zeiss India,India,Research Microscopy Solutions,2024-11,9985909.56,INR
RMS-REV-002,Research Microscopy Solutions - Service & AMC Revenue,Revenue,Carl Zeiss India,India,Research Microscopy Solutions,2024-11,3835960.42,INR
RMS-REV-003,Research Microscopy Solutions - Training & Applications Revenue,Revenue,Carl Zeiss India,India,Research Microscopy Solutions,2024-11,1896431.83,INR
RMS-COGS-001,Research Microscopy Solutions - Imported Components & Materials,COGS,Carl Zeiss India,India,Research Microscopy Solutions,2024-11,4124873.26,INR
RMS-COGS-002,Research Microscopy Solutions - Installation & Service Labor,COGS,Carl Zeiss India,India,Research Microscopy Solutions,2024-11,1868373.75,INR
RMS-COGS-003,"Research Microscopy Solutions - Freight, Customs & Logistics",COGS,Carl Zeiss India,India,Research Microscopy Solutions,2024-11,1118742.08,INR
RMS-OPEX-001,Research Microscopy Solutions - Sales & Marketing,OpEx,Carl Zeiss India,India,Research Microscopy Solutions,2024-11,1623981.51,INR
RMS-OPEX-002,Research Microscopy Solutions - Applications Engineering & R&D,OpEx,Carl Zeiss India,India,Research Microscopy Solutions,2024-11,933625.97,INR
RMS-OPEX-003,Research Microscopy Solutions - G&A,OpEx,Carl Zeiss India,India,Research Microscopy Solutions,2024-11,698649.5,INR
RMS-OPEX-004,Research Microscopy Solutions - Facilities & Rent,OpEx,Carl Zeiss India,India,Research Microscopy Solutions,2024-11,406010.18,INR
RMS-OPEX-005,Research Microscopy Solutions - IT & Software,OpEx,Carl Zeiss India,India,Research Microscopy Solutions,2024-11,268262.85,INR
RMS-REV-001,Research Microscopy Solutions - Equipment & Product Revenue,Revenue,Carl Zeiss India,India,Research Microscopy Solutions,2024-12,8188185.48,INR
RMS-REV-002,Research Microscopy Solutions - Service & AMC Revenue,Revenue,Carl Zeiss India,India,Research Microscopy Solutions,2024-12,3759592.37,INR
RMS-REV-003,Research Microscopy Solutions - Training & Applications Revenue,Revenue,Carl Zeiss India,India,Research Microscopy Solutions,2024-12,1673465.21,INR
RMS-COGS-001,Research Microscopy Solutions - Imported Components & Materials,COGS,Carl Zeiss India,India,Research Microscopy Solutions,2024-12,4928974.94,INR
RMS-COGS-002,Research Microscopy Solutions - Installation & Service Labor,COGS,Carl Zeiss India,India,Research Microscopy Solutions,2024-12,1993542.7,INR
RMS-COGS-003,"Research Microscopy Solutions - Freight, Customs & Logistics",COGS,Carl Zeiss India,India,Research Microscopy Solutions,2024-12,1160314.71,INR
RMS-OPEX-001,Research Microscopy Solutions - Sales & Marketing,OpEx,Carl Zeiss India,India,Research Microscopy Solutions,2024-12,1584290.19,INR
RMS-OPEX-002,Research Microscopy Solutions - Applications Engineering & R&D,OpEx,Carl Zeiss India,India,Research Microscopy Solutions,2024-12,940931.47,INR
RMS-OPEX-003,Research Microscopy Solutions - G&A,OpEx,Carl Zeiss India,India,Research Microscopy Solutions,2024-12,691481.85,INR
RMS-OPEX-004,Research Microscopy Solutions - Facilities & Rent,OpEx,Carl Zeiss India,India,Research Microscopy Solutions,2024-12,435290.19,INR
RMS-OPEX-005,Research Microscopy Solutions - IT & Software,OpEx,Carl Zeiss India,India,Research Microscopy Solutions,2024-12,273817.28,INR
RMS-REV-001,Research Microscopy Solutions - Equipment & Product Revenue,Revenue,Carl Zeiss India,India,Research Microscopy Solutions,2025-01,8609338.96,INR
RMS-REV-002,Research Microscopy Solutions - Service & AMC Revenue,Revenue,Carl Zeiss India,India,Research Microscopy Solutions,2025-01,4466939.04,INR
RMS-REV-003,Research Microscopy Solutions - Training & Applications Revenue,Revenue,Carl Zeiss India,India,Research Microscopy Solutions,2025-01,1756576.79,INR
RMS-COGS-001,Research Microscopy Solutions - Imported Components & Materials,COGS,Carl Zeiss India,India,Research Microscopy Solutions,2025-01,4955229.03,INR
RMS-COGS-002,Research Microscopy Solutions - Installation & Service Labor,COGS,Carl Zeiss India,India,Research Microscopy Solutions,2025-01,2247097.51,INR
RMS-COGS-003,"Research Microscopy Solutions - Freight, Customs & Logistics",COGS,Carl Zeiss India,India,Research Microscopy Solutions,2025-01,1178679.69,INR
RMS-OPEX-001,Research Microscopy Solutions - Sales & Marketing,OpEx,Carl Zeiss India,India,Research Microscopy Solutions,2025-01,1775873.75,INR
RMS-OPEX-002,Research Microscopy Solutions - Applications Engineering & R&D,OpEx,Carl Zeiss India,India,Research Microscopy Solutions,2025-01,996955.82,INR
RMS-OPEX-003,Research Microscopy Solutions - G&A,OpEx,Carl Zeiss India,India,Research Microscopy Solutions,2025-01,757785.48,INR
RMS-OPEX-004,Research Microscopy Solutions - Facilities & Rent,OpEx,Carl Zeiss India,India,Research Microscopy Solutions,2025-01,464688.72,INR
RMS-OPEX-005,Research Microscopy Solutions - IT & Software,OpEx,Carl Zeiss India,India,Research Microscopy Solutions,2025-01,307990.88,INR
RMS-REV-001,Research Microscopy Solutions - Equipment & Product Revenue,Revenue,Carl Zeiss India,India,Research Microscopy Solutions,2025-02,9578477.53,INR
RMS-REV-002,Research Microscopy Solutions - Service & AMC Revenue,Revenue,Carl Zeiss India,India,Research Microscopy Solutions,2025-02,4406670.24,INR
RMS-REV-003,Research Microscopy Solutions - Training & Applications Revenue,Revenue,Carl Zeiss India,India,Research Microscopy Solutions,2025-02,1842127.83,INR
RMS-COGS-001,Research Microscopy Solutions - Imported Components & Materials,COGS,Carl Zeiss India,India,Research Microscopy Solutions,2025-02,4680588.54,INR
RMS-COGS-002,Research Microscopy Solutions - Installation & Service Labor,COGS,Carl Zeiss India,India,Research Microscopy Solutions,2025-02,2166875.74,INR
RMS-COGS-003,"Research Microscopy Solutions - Freight, Customs & Logistics",COGS,Carl Zeiss India,India,Research Microscopy Solutions,2025-02,1230191.24,INR
RMS-OPEX-001,Research Microscopy Solutions - Sales & Marketing,OpEx,Carl Zeiss India,India,Research Microscopy Solutions,2025-02,1736174.67,INR
RMS-OPEX-002,Research Microscopy Solutions - Applications Engineering & R&D,OpEx,Carl Zeiss India,India,Research Microscopy Solutions,2025-02,1153206.45,INR
RMS-OPEX-003,Research Microscopy Solutions - G&A,OpEx,Carl Zeiss India,India,Research Microscopy Solutions,2025-02,806437.97,INR
RMS-OPEX-004,Research Microscopy Solutions - Facilities & Rent,OpEx,Carl Zeiss India,India,Research Microscopy Solutions,2025-02,236935.13,INR
RMS-OPEX-005,Research Microscopy Solutions - IT & Software,OpEx,Carl Zeiss India,India,Research Microscopy Solutions,2025-02,307607.3,INR
RMS-REV-001,Research Microscopy Solutions - Equipment & Product Revenue,Revenue,Carl Zeiss India,India,Research Microscopy Solutions,2025-03,10004768.06,INR
RMS-REV-002,Research Microscopy Solutions - Service & AMC Revenue,Revenue,Carl Zeiss India,India,Research Microscopy Solutions,2025-03,4622112.51,INR
RMS-REV-003,Research Microscopy Solutions - Training & Applications Revenue,Revenue,Carl Zeiss India,India,Research Microscopy Solutions,2025-03,2022971.9,INR
RMS-COGS-001,Research Microscopy Solutions - Imported Components & Materials,COGS,Carl Zeiss India,India,Research Microscopy Solutions,2025-03,5604715.68,INR
RMS-COGS-002,Research Microscopy Solutions - Installation & Service Labor,COGS,Carl Zeiss India,India,Research Microscopy Solutions,2025-03,2789483.66,INR
RMS-COGS-003,"Research Microscopy Solutions - Freight, Customs & Logistics",COGS,Carl Zeiss India,India,Research Microscopy Solutions,2025-03,1284582.8,INR
RMS-OPEX-001,Research Microscopy Solutions - Sales & Marketing,OpEx,Carl Zeiss India,India,Research Microscopy Solutions,2025-03,1859831.13,INR
RMS-OPEX-002,Research Microscopy Solutions - Applications Engineering & R&D,OpEx,Carl Zeiss India,India,Research Microscopy Solutions,2025-03,1310938.79,INR
RMS-OPEX-003,Research Microscopy Solutions - G&A,OpEx,Carl Zeiss India,India,Research Microscopy Solutions,2025-03,835791.45,INR
RMS-OPEX-004,Research Microscopy Solutions - Facilities & Rent,OpEx,Carl Zeiss India,India,Research Microscopy Solutions,2025-03,489414.17,INR
RMS-OPEX-005,Research Microscopy Solutions - IT & Software,OpEx,Carl Zeiss India,India,Research Microscopy Solutions,2025-03,331929.32,INR
RMS-REV-001,Research Microscopy Solutions - Equipment & Product Revenue,Revenue,Carl Zeiss India,India,Research Microscopy Solutions,2025-04,7971697.83,INR
RMS-REV-002,Research Microscopy Solutions - Service & AMC Revenue,Revenue,Carl Zeiss India,India,Research Microscopy Solutions,2025-04,3320948.28,INR
RMS-REV-003,Research Microscopy Solutions - Training & Applications Revenue,Revenue,Carl Zeiss India,India,Research Microscopy Solutions,2025-04,1467017.96,INR
RMS-COGS-001,Research Microscopy Solutions - Imported Components & Materials,COGS,Carl Zeiss India,India,Research Microscopy Solutions,2025-04,4251742.73,INR
RMS-COGS-002,Research Microscopy Solutions - Installation & Service Labor,COGS,Carl Zeiss India,India,Research Microscopy Solutions,2025-04,1698487.72,INR
RMS-COGS-003,"Research Microscopy Solutions - Freight, Customs & Logistics",COGS,Carl Zeiss India,India,Research Microscopy Solutions,2025-04,1105019.14,INR
RMS-OPEX-001,Research Microscopy Solutions - Sales & Marketing,OpEx,Carl Zeiss India,India,Research Microscopy Solutions,2025-04,1472318.81,INR
RMS-OPEX-002,Research Microscopy Solutions - Applications Engineering & R&D,OpEx,Carl Zeiss India,India,Research Microscopy Solutions,2025-04,913581.91,INR
RMS-OPEX-003,Research Microscopy Solutions - G&A,OpEx,Carl Zeiss India,India,Research Microscopy Solutions,2025-04,615310.97,INR
RMS-OPEX-004,Research Microscopy Solutions - Facilities & Rent,OpEx,Carl Zeiss India,India,Research Microscopy Solutions,2025-04,411451.03,INR
RMS-OPEX-005,Research Microscopy Solutions - IT & Software,OpEx,Carl Zeiss India,India,Research Microscopy Solutions,2025-04,258103.14,INR
RMS-REV-001,Research Microscopy Solutions - Equipment & Product Revenue,Revenue,Carl Zeiss India,India,Research Microscopy Solutions,2025-05,7710283.46,INR
RMS-REV-002,Research Microscopy Solutions - Service & AMC Revenue,Revenue,Carl Zeiss India,India,Research Microscopy Solutions,2025-05,3565918.48,INR
RMS-REV-003,Research Microscopy Solutions - Training & Applications Revenue,Revenue,Carl Zeiss India,India,Research Microscopy Solutions,2025-05,1491074.66,INR
RMS-COGS-001,Research Microscopy Solutions - Imported Components & Materials,COGS,Carl Zeiss India,India,Research Microscopy Solutions,2025-05,6516057.06,INR
RMS-COGS-002,Research Microscopy Solutions - Installation & Service Labor,COGS,Carl Zeiss India,India,Research Microscopy Solutions,2025-05,1976281.89,INR
RMS-COGS-003,"Research Microscopy Solutions - Freight, Customs & Logistics",COGS,Carl Zeiss India,India,Research Microscopy Solutions,2025-05,1116871.28,INR
RMS-OPEX-001,Research Microscopy Solutions - Sales & Marketing,OpEx,Carl Zeiss India,India,Research Microscopy Solutions,2025-05,1412170.21,INR
RMS-OPEX-002,Research Microscopy Solutions - Applications Engineering & R&D,OpEx,Carl Zeiss India,India,Research Microscopy Solutions,2025-05,938847.41,INR
RMS-OPEX-003,Research Microscopy Solutions - G&A,OpEx,Carl Zeiss India,India,Research Microscopy Solutions,2025-05,704292.31,INR
RMS-OPEX-004,Research Microscopy Solutions - Facilities & Rent,OpEx,Carl Zeiss India,India,Research Microscopy Solutions,2025-05,401695.49,INR
RMS-OPEX-005,Research Microscopy Solutions - IT & Software,OpEx,Carl Zeiss India,India,Research Microscopy Solutions,2025-05,306583.73,INR
RMS-REV-001,Research Microscopy Solutions - Equipment & Product Revenue,Revenue,Carl Zeiss India,India,Research Microscopy Solutions,2025-06,8898043.53,INR
RMS-REV-002,Research Microscopy Solutions - Service & AMC Revenue,Revenue,Carl Zeiss India,India,Research Microscopy Solutions,2025-06,3945854.78,INR
RMS-REV-003,Research Microscopy Solutions - Training & Applications Revenue,Revenue,Carl Zeiss India,India,Research Microscopy Solutions,2025-06,1780149.36,INR
RMS-COGS-001,Research Microscopy Solutions - Imported Components & Materials,COGS,Carl Zeiss India,India,Research Microscopy Solutions,2025-06,4953975.3,INR
RMS-COGS-002,Research Microscopy Solutions - Installation & Service Labor,COGS,Carl Zeiss India,India,Research Microscopy Solutions,2025-06,2160239.83,INR
RMS-COGS-003,"Research Microscopy Solutions - Freight, Customs & Logistics",COGS,Carl Zeiss India,India,Research Microscopy Solutions,2025-06,1183019.7,INR
RMS-OPEX-001,Research Microscopy Solutions - Sales & Marketing,OpEx,Carl Zeiss India,India,Research Microscopy Solutions,2025-06,1759542.67,INR
RMS-OPEX-002,Research Microscopy Solutions - Applications Engineering & R&D,OpEx,Carl Zeiss India,India,Research Microscopy Solutions,2025-06,977436.8,INR
RMS-OPEX-003,Research Microscopy Solutions - G&A,OpEx,Carl Zeiss India,India,Research Microscopy Solutions,2025-06,724311.66,INR
RMS-OPEX-004,Research Microscopy Solutions - Facilities & Rent,OpEx,Carl Zeiss India,India,Research Microscopy Solutions,2025-06,449083.18,INR
RMS-OPEX-005,Research Microscopy Solutions - IT & Software,OpEx,Carl Zeiss India,India,Research Microscopy Solutions,2025-06,307339.29,INR
RMS-REV-001,Research Microscopy Solutions - Equipment & Product Revenue,Revenue,Carl Zeiss India,India,Research Microscopy Solutions,2025-07,7464877.97,INR
RMS-REV-002,Research Microscopy Solutions - Service & AMC Revenue,Revenue,Carl Zeiss India,India,Research Microscopy Solutions,2025-07,3552752.91,INR
RMS-REV-003,Research Microscopy Solutions - Training & Applications Revenue,Revenue,Carl Zeiss India,India,Research Microscopy Solutions,2025-07,1396667.41,INR
RMS-COGS-001,Research Microscopy Solutions - Imported Components & Materials,COGS,Carl Zeiss India,India,Research Microscopy Solutions,2025-07,4319553.64,INR
RMS-COGS-002,Research Microscopy Solutions - Installation & Service Labor,COGS,Carl Zeiss India,India,Research Microscopy Solutions,2025-07,1804970.43,INR
RMS-COGS-003,"Research Microscopy Solutions - Freight, Customs & Logistics",COGS,Carl Zeiss India,India,Research Microscopy Solutions,2025-07,1137939.57,INR
RMS-OPEX-001,Research Microscopy Solutions - Sales & Marketing,OpEx,Carl Zeiss India,India,Research Microscopy Solutions,2025-07,1571281.05,INR
RMS-OPEX-002,Research Microscopy Solutions - Applications Engineering & R&D,OpEx,Carl Zeiss India,India,Research Microscopy Solutions,2025-07,942261.82,INR
RMS-OPEX-003,Research Microscopy Solutions - G&A,OpEx,Carl Zeiss India,India,Research Microscopy Solutions,2025-07,712677.47,INR
RMS-OPEX-004,Research Microscopy Solutions - Facilities & Rent,OpEx,Carl Zeiss India,India,Research Microscopy Solutions,2025-07,396863.4,INR
RMS-OPEX-005,Research Microscopy Solutions - IT & Software,OpEx,Carl Zeiss India,India,Research Microscopy Solutions,2025-07,270794.77,INR
RMS-REV-001,Research Microscopy Solutions - Equipment & Product Revenue,Revenue,Carl Zeiss India,India,Research Microscopy Solutions,2025-08,8186934.91,INR
RMS-REV-002,Research Microscopy Solutions - Service & AMC Revenue,Revenue,Carl Zeiss India,India,Research Microscopy Solutions,2025-08,3862332.54,INR
RMS-REV-003,Research Microscopy Solutions - Training & Applications Revenue,Revenue,Carl Zeiss India,India,Research Microscopy Solutions,2025-08,1546168.16,INR
RMS-COGS-001,Research Microscopy Solutions - Imported Components & Materials,COGS,Carl Zeiss India,India,Research Microscopy Solutions,2025-08,4306426.37,INR
RMS-COGS-002,Research Microscopy Solutions - Installation & Service Labor,COGS,Carl Zeiss India,India,Research Microscopy Solutions,2025-08,1866337.22,INR
RMS-COGS-003,"Research Microscopy Solutions - Freight, Customs & Logistics",COGS,Carl Zeiss India,India,Research Microscopy Solutions,2025-08,1145957.68,INR
RMS-OPEX-001,Research Microscopy Solutions - Sales & Marketing,OpEx,Carl Zeiss India,India,Research Microscopy Solutions,2025-08,1564765.46,INR
RMS-OPEX-002,Research Microscopy Solutions - Applications Engineering & R&D,OpEx,Carl Zeiss India,India,Research Microscopy Solutions,2025-08,949459.36,INR
RMS-OPEX-003,Research Microscopy Solutions - G&A,OpEx,Carl Zeiss India,India,Research Microscopy Solutions,2025-08,723855.99,INR
RMS-OPEX-004,Research Microscopy Solutions - Facilities & Rent,OpEx,Carl Zeiss India,India,Research Microscopy Solutions,2025-08,393800.1,INR
RMS-OPEX-005,Research Microscopy Solutions - IT & Software,OpEx,Carl Zeiss India,India,Research Microscopy Solutions,2025-08,268467.23,INR
RMS-REV-001,Research Microscopy Solutions - Equipment & Product Revenue,Revenue,Carl Zeiss India,India,Research Microscopy Solutions,2025-09,8613008.05,INR
RMS-REV-002,Research Microscopy Solutions - Service & AMC Revenue,Revenue,Carl Zeiss India,India,Research Microscopy Solutions,2025-09,4030536.25,INR
RMS-REV-003,Research Microscopy Solutions - Training & Applications Revenue,Revenue,Carl Zeiss India,India,Research Microscopy Solutions,2025-09,1680173.06,INR
RMS-COGS-001,Research Microscopy Solutions - Imported Components & Materials,COGS,Carl Zeiss India,India,Research Microscopy Solutions,2025-09,4861560.6,INR
RMS-COGS-002,Research Microscopy Solutions - Installation & Service Labor,COGS,Carl Zeiss India,India,Research Microscopy Solutions,2025-09,2088058.22,INR
RMS-COGS-003,"Research Microscopy Solutions - Freight, Customs & Logistics",COGS,Carl Zeiss India,India,Research Microscopy Solutions,2025-09,1216695.18,INR
RMS-OPEX-001,Research Microscopy Solutions - Sales & Marketing,OpEx,Carl Zeiss India,India,Research Microscopy Solutions,2025-09,1587967.86,INR
RMS-OPEX-002,Research Microscopy Solutions - Applications Engineering & R&D,OpEx,Carl Zeiss India,India,Research Microscopy Solutions,2025-09,875296.66,INR
RMS-OPEX-003,Research Microscopy Solutions - G&A,OpEx,Carl Zeiss India,India,Research Microscopy Solutions,2025-09,760361.84,INR
RMS-OPEX-004,Research Microscopy Solutions - Facilities & Rent,OpEx,Carl Zeiss India,India,Research Microscopy Solutions,2025-09,432287.5,INR
RMS-OPEX-005,Research Microscopy Solutions - IT & Software,OpEx,Carl Zeiss India,India,Research Microscopy Solutions,2025-09,282776.69,INR
RMS-REV-001,Research Microscopy Solutions - Equipment & Product Revenue,Revenue,Carl Zeiss India,India,Research Microscopy Solutions,2025-10,9183202.93,INR
RMS-REV-002,Research Microscopy Solutions - Service & AMC Revenue,Revenue,Carl Zeiss India,India,Research Microscopy Solutions,2025-10,3998279.56,INR
RMS-REV-003,Research Microscopy Solutions - Training & Applications Revenue,Revenue,Carl Zeiss India,India,Research Microscopy Solutions,2025-10,1827441.02,INR
RMS-COGS-001,Research Microscopy Solutions - Imported Components & Materials,COGS,Carl Zeiss India,India,Research Microscopy Solutions,2025-10,5294350.72,INR
RMS-COGS-002,Research Microscopy Solutions - Installation & Service Labor,COGS,Carl Zeiss India,India,Research Microscopy Solutions,2025-10,2022905.2,INR
RMS-COGS-003,"Research Microscopy Solutions - Freight, Customs & Logistics",COGS,Carl Zeiss India,India,Research Microscopy Solutions,2025-10,1208359.09,INR
RMS-OPEX-001,Research Microscopy Solutions - Sales & Marketing,OpEx,Carl Zeiss India,India,Research Microscopy Solutions,2025-10,1657745.89,INR
RMS-OPEX-002,Research Microscopy Solutions - Applications Engineering & R&D,OpEx,Carl Zeiss India,India,Research Microscopy Solutions,2025-10,1143271.72,INR
RMS-OPEX-003,Research Microscopy Solutions - G&A,OpEx,Carl Zeiss India,India,Research Microscopy Solutions,2025-10,717240.41,INR
RMS-OPEX-004,Research Microscopy Solutions - Facilities & Rent,OpEx,Carl Zeiss India,India,Research Microscopy Solutions,2025-10,497012.55,INR
RMS-OPEX-005,Research Microscopy Solutions - IT & Software,OpEx,Carl Zeiss India,India,Research Microscopy Solutions,2025-10,319770.7,INR
RMS-REV-001,Research Microscopy Solutions - Equipment & Product Revenue,Revenue,Carl Zeiss India,India,Research Microscopy Solutions,2025-11,9921387.58,INR
RMS-REV-002,Research Microscopy Solutions - Service & AMC Revenue,Revenue,Carl Zeiss India,India,Research Microscopy Solutions,2025-11,4219550.51,INR
RMS-REV-003,Research Microscopy Solutions - Training & Applications Revenue,Revenue,Carl Zeiss India,India,Research Microscopy Solutions,2025-11,1979070.26,INR
RMS-COGS-001,Research Microscopy Solutions - Imported Components & Materials,COGS,Carl Zeiss India,India,Research Microscopy Solutions,2025-11,4979628.57,INR
RMS-COGS-002,Research Microscopy Solutions - Installation & Service Labor,COGS,Carl Zeiss India,India,Research Microscopy Solutions,2025-11,2127273.37,INR
RMS-COGS-003,"Research Microscopy Solutions - Freight, Customs & Logistics",COGS,Carl Zeiss India,India,Research Microscopy Solutions,2025-11,1263556.77,INR
RMS-OPEX-001,Research Microscopy Solutions - Sales & Marketing,OpEx,Carl Zeiss India,India,Research Microscopy Solutions,2025-11,1734936.95,INR
RMS-OPEX-002,Research Microscopy Solutions - Applications Engineering & R&D,OpEx,Carl Zeiss India,India,Research Microscopy Solutions,2025-11,1105303.42,INR
RMS-OPEX-003,Research Microscopy Solutions - G&A,OpEx,Carl Zeiss India,India,Research Microscopy Solutions,2025-11,739430.7,INR
RMS-OPEX-004,Research Microscopy Solutions - Facilities & Rent,OpEx,Carl Zeiss India,India,Research Microscopy Solutions,2025-11,471734.87,INR
RMS-OPEX-005,Research Microscopy Solutions - IT & Software,OpEx,Carl Zeiss India,India,Research Microscopy Solutions,2025-11,329644.47,INR
RMS-REV-001,Research Microscopy Solutions - Equipment & Product Revenue,Revenue,Carl Zeiss India,India,Research Microscopy Solutions,2025-12,9057841.3,INR
RMS-REV-002,Research Microscopy Solutions - Service & AMC Revenue,Revenue,Carl Zeiss India,India,Research Microscopy Solutions,2025-12,3936719.67,INR
RMS-REV-003,Research Microscopy Solutions - Training & Applications Revenue,Revenue,Carl Zeiss India,India,Research Microscopy Solutions,2025-12,1848165.6,INR
RMS-COGS-001,Research Microscopy Solutions - Imported Components & Materials,COGS,Carl Zeiss India,India,Research Microscopy Solutions,2025-12,4301352.09,INR
RMS-COGS-002,Research Microscopy Solutions - Installation & Service Labor,COGS,Carl Zeiss India,India,Research Microscopy Solutions,2025-12,2289546.59,INR
RMS-COGS-003,"Research Microscopy Solutions - Freight, Customs & Logistics",COGS,Carl Zeiss India,India,Research Microscopy Solutions,2025-12,1178347.91,INR
RMS-OPEX-001,Research Microscopy Solutions - Sales & Marketing,OpEx,Carl Zeiss India,India,Research Microscopy Solutions,2025-12,1643128.74,INR
RMS-OPEX-002,Research Microscopy Solutions - Applications Engineering & R&D,OpEx,Carl Zeiss India,India,Research Microscopy Solutions,2025-12,1106867.58,INR
RMS-OPEX-003,Research Microscopy Solutions - G&A,OpEx,Carl Zeiss India,India,Research Microscopy Solutions,2025-12,781820.61,INR
RMS-OPEX-004,Research Microscopy Solutions - Facilities & Rent,OpEx,Carl Zeiss India,India,Research Microscopy Solutions,2025-12,433948.62,INR
RMS-OPEX-005,Research Microscopy Solutions - IT & Software,OpEx,Carl Zeiss India,India,Research Microscopy Solutions,2025-12,302610.64,INR
RMS-REV-001,Research Microscopy Solutions - Equipment & Product Revenue,Revenue,Carl Zeiss India,India,Research Microscopy Solutions,2026-01,8787932.7,INR
RMS-REV-002,Research Microscopy Solutions - Service & AMC Revenue,Revenue,Carl Zeiss India,India,Research Microscopy Solutions,2026-01,4604682.45,INR
RMS-REV-003,Research Microscopy Solutions - Training & Applications Revenue,Revenue,Carl Zeiss India,India,Research Microscopy Solutions,2026-01,1903667.06,INR
RMS-COGS-001,Research Microscopy Solutions - Imported Components & Materials,COGS,Carl Zeiss India,India,Research Microscopy Solutions,2026-01,5508673.38,INR
RMS-COGS-002,Research Microscopy Solutions - Installation & Service Labor,COGS,Carl Zeiss India,India,Research Microscopy Solutions,2026-01,2590391.59,INR
RMS-COGS-003,"Research Microscopy Solutions - Freight, Customs & Logistics",COGS,Carl Zeiss India,India,Research Microscopy Solutions,2026-01,1372105.34,INR
RMS-OPEX-001,Research Microscopy Solutions - Sales & Marketing,OpEx,Carl Zeiss India,India,Research Microscopy Solutions,2026-01,1960718.88,INR
RMS-OPEX-002,Research Microscopy Solutions - Applications Engineering & R&D,OpEx,Carl Zeiss India,India,Research Microscopy Solutions,2026-01,1146161.09,INR
RMS-OPEX-003,Research Microscopy Solutions - G&A,OpEx,Carl Zeiss India,India,Research Microscopy Solutions,2026-01,748093.9,INR
RMS-OPEX-004,Research Microscopy Solutions - Facilities & Rent,OpEx,Carl Zeiss India,India,Research Microscopy Solutions,2026-01,498109.82,INR
RMS-OPEX-005,Research Microscopy Solutions - IT & Software,OpEx,Carl Zeiss India,India,Research Microscopy Solutions,2026-01,338975.07,INR
RMS-REV-001,Research Microscopy Solutions - Equipment & Product Revenue,Revenue,Carl Zeiss India,India,Research Microscopy Solutions,2026-02,10301571.42,INR
RMS-REV-002,Research Microscopy Solutions - Service & AMC Revenue,Revenue,Carl Zeiss India,India,Research Microscopy Solutions,2026-02,4736871.4,INR
RMS-REV-003,Research Microscopy Solutions - Training & Applications Revenue,Revenue,Carl Zeiss India,India,Research Microscopy Solutions,2026-02,2231638.03,INR
RMS-COGS-001,Research Microscopy Solutions - Imported Components & Materials,COGS,Carl Zeiss India,India,Research Microscopy Solutions,2026-02,5457565.13,INR
RMS-COGS-002,Research Microscopy Solutions - Installation & Service Labor,COGS,Carl Zeiss India,India,Research Microscopy Solutions,2026-02,2283743.69,INR
RMS-COGS-003,"Research Microscopy Solutions - Freight, Customs & Logistics",COGS,Carl Zeiss India,India,Research Microscopy Solutions,2026-02,1354393.77,INR
RMS-OPEX-001,Research Microscopy Solutions - Sales & Marketing,OpEx,Carl Zeiss India,India,Research Microscopy Solutions,2026-02,1970219.71,INR
RMS-OPEX-002,Research Microscopy Solutions - Applications Engineering & R&D,OpEx,Carl Zeiss India,India,Research Microscopy Solutions,2026-02,1085091.11,INR
RMS-OPEX-003,Research Microscopy Solutions - G&A,OpEx,Carl Zeiss India,India,Research Microscopy Solutions,2026-02,813193.65,INR
RMS-OPEX-004,Research Microscopy Solutions - Facilities & Rent,OpEx,Carl Zeiss India,India,Research Microscopy Solutions,2026-02,537834.33,INR
RMS-OPEX-005,Research Microscopy Solutions - IT & Software,OpEx,Carl Zeiss India,India,Research Microscopy Solutions,2026-02,346184.48,INR
RMS-REV-001,Research Microscopy Solutions - Equipment & Product Revenue,Revenue,Carl Zeiss India,India,Research Microscopy Solutions,2026-03,12036058.89,INR
RMS-REV-002,Research Microscopy Solutions - Service & AMC Revenue,Revenue,Carl Zeiss India,India,Research Microscopy Solutions,2026-03,5447497.61,INR
RMS-REV-003,Research Microscopy Solutions - Training & Applications Revenue,Revenue,Carl Zeiss India,India,Research Microscopy Solutions,2026-03,2389651.01,INR
RMS-COGS-001,Research Microscopy Solutions - Imported Components & Materials,COGS,Carl Zeiss India,India,Research Microscopy Solutions,2026-03,5498123.85,INR
RMS-COGS-002,Research Microscopy Solutions - Installation & Service Labor,COGS,Carl Zeiss India,India,Research Microscopy Solutions,2026-03,2725152.97,INR
RMS-COGS-003,"Research Microscopy Solutions - Freight, Customs & Logistics",COGS,Carl Zeiss India,India,Research Microscopy Solutions,2026-03,1505711.82,INR
RMS-OPEX-001,Research Microscopy Solutions - Sales & Marketing,OpEx,Carl Zeiss India,India,Research Microscopy Solutions,2026-03,2219790.06,INR
RMS-OPEX-002,Research Microscopy Solutions - Applications Engineering & R&D,OpEx,Carl Zeiss India,India,Research Microscopy Solutions,2026-03,1317962.2,INR
RMS-OPEX-003,Research Microscopy Solutions - G&A,OpEx,Carl Zeiss India,India,Research Microscopy Solutions,2026-03,988817.73,INR
RMS-OPEX-004,Research Microscopy Solutions - Facilities & Rent,OpEx,Carl Zeiss India,India,Research Microscopy Solutions,2026-03,538308.36,INR
RMS-OPEX-005,Research Microscopy Solutions - IT & Software,OpEx,Carl Zeiss India,India,Research Microscopy Solutions,2026-03,395376.95,INR
RMS-REV-001,Research Microscopy Solutions - Equipment & Product Revenue,Revenue,Carl Zeiss India,India,Research Microscopy Solutions,2026-04,7618687.75,INR
RMS-REV-002,Research Microscopy Solutions - Service & AMC Revenue,Revenue,Carl Zeiss India,India,Research Microscopy Solutions,2026-04,3824239.77,INR
RMS-REV-003,Research Microscopy Solutions - Training & Applications Revenue,Revenue,Carl Zeiss India,India,Research Microscopy Solutions,2026-04,1481026.04,INR
RMS-COGS-001,Research Microscopy Solutions - Imported Components & Materials,COGS,Carl Zeiss India,India,Research Microscopy Solutions,2026-04,4716857.5,INR
RMS-COGS-002,Research Microscopy Solutions - Installation & Service Labor,COGS,Carl Zeiss India,India,Research Microscopy Solutions,2026-04,1790325.82,INR
RMS-COGS-003,"Research Microscopy Solutions - Freight, Customs & Logistics",COGS,Carl Zeiss India,India,Research Microscopy Solutions,2026-04,589368.47,INR
RMS-OPEX-001,Research Microscopy Solutions - Sales & Marketing,OpEx,Carl Zeiss India,India,Research Microscopy Solutions,2026-04,1580540.8,INR
RMS-OPEX-002,Research Microscopy Solutions - Applications Engineering & R&D,OpEx,Carl Zeiss India,India,Research Microscopy Solutions,2026-04,902856.81,INR
RMS-OPEX-003,Research Microscopy Solutions - G&A,OpEx,Carl Zeiss India,India,Research Microscopy Solutions,2026-04,639422.85,INR
RMS-OPEX-004,Research Microscopy Solutions - Facilities & Rent,OpEx,Carl Zeiss India,India,Research Microscopy Solutions,2026-04,432841.25,INR
RMS-OPEX-005,Research Microscopy Solutions - IT & Software,OpEx,Carl Zeiss India,India,Research Microscopy Solutions,2026-04,265633.4,INR
RMS-REV-001,Research Microscopy Solutions - Equipment & Product Revenue,Revenue,Carl Zeiss India,India,Research Microscopy Solutions,2026-05,8697988.03,INR
RMS-REV-002,Research Microscopy Solutions - Service & AMC Revenue,Revenue,Carl Zeiss India,India,Research Microscopy Solutions,2026-05,4323942.68,INR
RMS-REV-003,Research Microscopy Solutions - Training & Applications Revenue,Revenue,Carl Zeiss India,India,Research Microscopy Solutions,2026-05,1649185.73,INR
RMS-COGS-001,Research Microscopy Solutions - Imported Components & Materials,COGS,Carl Zeiss India,India,Research Microscopy Solutions,2026-05,5424293.96,INR
RMS-COGS-002,Research Microscopy Solutions - Installation & Service Labor,COGS,Carl Zeiss India,India,Research Microscopy Solutions,2026-05,2269372.82,INR
RMS-COGS-003,"Research Microscopy Solutions - Freight, Customs & Logistics",COGS,Carl Zeiss India,India,Research Microscopy Solutions,2026-05,1186915.76,INR
RMS-OPEX-001,Research Microscopy Solutions - Sales & Marketing,OpEx,Carl Zeiss India,India,Research Microscopy Solutions,2026-05,1656269.76,INR
RMS-OPEX-002,Research Microscopy Solutions - Applications Engineering & R&D,OpEx,Carl Zeiss India,India,Research Microscopy Solutions,2026-05,1004398.5,INR
RMS-OPEX-003,Research Microscopy Solutions - G&A,OpEx,Carl Zeiss India,India,Research Microscopy Solutions,2026-05,789510.09,INR
RMS-OPEX-004,Research Microscopy Solutions - Facilities & Rent,OpEx,Carl Zeiss India,India,Research Microscopy Solutions,2026-05,465987.02,INR
RMS-OPEX-005,Research Microscopy Solutions - IT & Software,OpEx,Carl Zeiss India,India,Research Microscopy Solutions,2026-05,304164.76,INR
RMS-REV-001,Research Microscopy Solutions - Equipment & Product Revenue,Revenue,Carl Zeiss India,India,Research Microscopy Solutions,2026-06,9852581.38,INR
RMS-REV-002,Research Microscopy Solutions - Service & AMC Revenue,Revenue,Carl Zeiss India,India,Research Microscopy Solutions,2026-06,4163244.78,INR
RMS-REV-003,Research Microscopy Solutions - Training & Applications Revenue,Revenue,Carl Zeiss India,India,Research Microscopy Solutions,2026-06,1741365.05,INR
RMS-COGS-001,Research Microscopy Solutions - Imported Components & Materials,COGS,Carl Zeiss India,India,Research Microscopy Solutions,2026-06,5091493.22,INR
RMS-COGS-002,Research Microscopy Solutions - Installation & Service Labor,COGS,Carl Zeiss India,India,Research Microscopy Solutions,2026-06,2151391.4,INR
RMS-COGS-003,"Research Microscopy Solutions - Freight, Customs & Logistics",COGS,Carl Zeiss India,India,Research Microscopy Solutions,2026-06,1274667.47,INR
RMS-OPEX-001,Research Microscopy Solutions - Sales & Marketing,OpEx,Carl Zeiss India,India,Research Microscopy Solutions,2026-06,1671913.0,INR
RMS-OPEX-002,Research Microscopy Solutions - Applications Engineering & R&D,OpEx,Carl Zeiss India,India,Research Microscopy Solutions,2026-06,1772299.59,INR
RMS-OPEX-003,Research Microscopy Solutions - G&A,OpEx,Carl Zeiss India,India,Research Microscopy Solutions,2026-06,751557.09,INR
RMS-OPEX-004,Research Microscopy Solutions - Facilities & Rent,OpEx,Carl Zeiss India,India,Research Microscopy Solutions,2026-06,479891.06,INR
RMS-OPEX-005,Research Microscopy Solutions - IT & Software,OpEx,Carl Zeiss India,India,Research Microscopy Solutions,2026-06,324136.99,INR
RMS-REV-001,Research Microscopy Solutions - Equipment & Product Revenue,Revenue,Carl Zeiss India,India,Research Microscopy Solutions,2026-07,8763485.78,INR
RMS-REV-002,Research Microscopy Solutions - Service & AMC Revenue,Revenue,Carl Zeiss India,India,Research Microscopy Solutions,2026-07,6549281.24,INR
RMS-REV-003,Research Microscopy Solutions - Training & Applications Revenue,Revenue,Carl Zeiss India,India,Research Microscopy Solutions,2026-07,1825219.94,INR
RMS-COGS-001,Research Microscopy Solutions - Imported Components & Materials,COGS,Carl Zeiss India,India,Research Microscopy Solutions,2026-07,4721924.14,INR
RMS-COGS-002,Research Microscopy Solutions - Installation & Service Labor,COGS,Carl Zeiss India,India,Research Microscopy Solutions,2026-07,2368546.96,INR
RMS-COGS-003,"Research Microscopy Solutions - Freight, Customs & Logistics",COGS,Carl Zeiss India,India,Research Microscopy Solutions,2026-07,1044551.54,INR
RMS-OPEX-001,Research Microscopy Solutions - Sales & Marketing,OpEx,Carl Zeiss India,India,Research Microscopy Solutions,2026-07,1716170.93,INR
RMS-OPEX-002,Research Microscopy Solutions - Applications Engineering & R&D,OpEx,Carl Zeiss India,India,Research Microscopy Solutions,2026-07,998699.22,INR
RMS-OPEX-003,Research Microscopy Solutions - G&A,OpEx,Carl Zeiss India,India,Research Microscopy Solutions,2026-07,356568.25,INR
RMS-OPEX-004,Research Microscopy Solutions - Facilities & Rent,OpEx,Carl Zeiss India,India,Research Microscopy Solutions,2026-07,446454.92,INR
RMS-OPEX-005,Research Microscopy Solutions - IT & Software,OpEx,Carl Zeiss India,India,Research Microscopy Solutions,2026-07,277683.03,INR
RMS-REV-001,Research Microscopy Solutions - Equipment & Product Revenue,Revenue,Carl Zeiss India,India,Research Microscopy Solutions,2026-08,8732619.18,INR
RMS-REV-002,Research Microscopy Solutions - Service & AMC Revenue,Revenue,Carl Zeiss India,India,Research Microscopy Solutions,2026-08,3881551.1,INR
RMS-REV-003,Research Microscopy Solutions - Training & Applications Revenue,Revenue,Carl Zeiss India,India,Research Microscopy Solutions,2026-08,1709245.12,INR
RMS-COGS-001,Research Microscopy Solutions - Imported Components & Materials,COGS,Carl Zeiss India,India,Research Microscopy Solutions,2026-08,4190873.15,INR
RMS-COGS-002,Research Microscopy Solutions - Installation & Service Labor,COGS,Carl Zeiss India,India,Research Microscopy Solutions,2026-08,2172952.61,INR
RMS-COGS-003,"Research Microscopy Solutions - Freight, Customs & Logistics",COGS,Carl Zeiss India,India,Research Microscopy Solutions,2026-08,1225898.64,INR
RMS-OPEX-001,Research Microscopy Solutions - Sales & Marketing,OpEx,Carl Zeiss India,India,Research Microscopy Solutions,2026-08,1572293.27,INR
RMS-OPEX-002,Research Microscopy Solutions - Applications Engineering & R&D,OpEx,Carl Zeiss India,India,Research Microscopy Solutions,2026-08,965214.13,INR
RMS-OPEX-003,Research Microscopy Solutions - G&A,OpEx,Carl Zeiss India,India,Research Microscopy Solutions,2026-08,798045.31,INR
RMS-OPEX-004,Research Microscopy Solutions - Facilities & Rent,OpEx,Carl Zeiss India,India,Research Microscopy Solutions,2026-08,447102.32,INR
RMS-OPEX-005,Research Microscopy Solutions - IT & Software,OpEx,Carl Zeiss India,India,Research Microscopy Solutions,2026-08,300651.67,INR
